userid,message,updated_time,n_status,gender,neu
259f8f9cce95b214dc9924af48bcd6f0,STATUS 0,2009-01-01 06:17:26,157,1,0
259f8f9cce95b214dc9924af48bcd6f0,STATUS 1,2009-01-02 05:01:35,157,1,0
259f8f9cce95b214dc9924af48bcd6f0,STATUS 2,2009-01-03 03:50:58,157,1,0
259f8f9cce95b214dc9924af48bcd6f0,STATUS 3,2009-06-22 03:11:14,157,1,0
259f8f9cce95b214dc9924af48bcd6f0,STATUS 4,2009-06-23 04:50:00,157,1,0
259f8f9cce95b214dc9924af48bcd6f0,STATUS 5,2009-06-25 23:04:47,157,1,0
259f8f9cce95b214dc9924af48bcd6f0,STATUS 6,2009-07-04 17:52:09,157,1,0
259f8f9cce95b214dc9924af48bcd6f0,STATUS 7,2009-07-06 23:21:28,157,1,0
259f8f9cce95b214dc9924af48bcd6f0,STATUS 8,2009-07-08 22:44:43,157,1,0
259f8f9cce95b214dc9924af48bcd6f0,STATUS 9,2009-07-11 03:01:39,157,1,0
259f8f9cce95b214dc9924af48bcd6f0,STATUS 10,2009-07-13 02:01:19,157,1,0
259f8f9cce95b214dc9924af48bcd6f0,STATUS 11,2009-07-14 21:13:37,157,1,0
259f8f9cce95b214dc9924af48bcd6f0,STATUS 12,2009-07-20 01:55:31,157,1,0
259f8f9cce95b214dc9924af48bcd6f0,STATUS 13,2009-07-22 23:51:56,157,1,0
259f8f9cce95b214dc9924af48bcd6f0,STATUS 14,2009-07-25 23:42:59,157,1,0
259f8f9cce95b214dc9924af48bcd6f0,STATUS 15,2009-07-26 17:39:35,157,1,0
259f8f9cce95b214dc9924af48bcd6f0,STATUS 16,2009-07-28 00:29:10,157,1,0
259f8f9cce95b214dc9924af48bcd6f0,STATUS 17,2009-07-29 02:00:06,157,1,0
259f8f9cce95b214dc9924af48bcd6f0,STATUS 18,2009-08-02 01:06:13,157,1,0
259f8f9cce95b214dc9924af48bcd6f0,STATUS 19,2009-08-03 01:58:57,157,1,0
259f8f9cce95b214dc9924af48bcd6f0,STATUS 20,2009-08-06 02:12:02,157,1,0
259f8f9cce95b214dc9924af48bcd6f0,STATUS 21,2009-08-07 04:48:49,157,1,0
259f8f9cce95b214dc9924af48bcd6f0,STATUS 22,2009-08-07 17:29:10,157,1,0
259f8f9cce95b214dc9924af48bcd6f0,STATUS 23,2009-08-08 05:32:31,157,1,0
259f8f9cce95b214dc9924af48bcd6f0,STATUS 24,2009-08-09 00:23:13,157,1,0
259f8f9cce95b214dc9924af48bcd6f0,STATUS 25,2009-08-09 21:47:04,157,1,0
259f8f9cce95b214dc9924af48bcd6f0,STATUS 26,2009-08-12 04:03:59,157,1,0
259f8f9cce95b214dc9924af48bcd6f0,STATUS 27,2009-08-14 23:20:59,157,1,0
259f8f9cce95b214dc9924af48bcd6f0,STATUS 28,2009-08-16 19:21:34,157,1,0
259f8f9cce95b214dc9924af48bcd6f0,STATUS 29,2009-08-19 01:12:48,157,1,0
259f8f9cce95b214dc9924af48bcd6f0,STATUS 30,2009-08-19 14:00:34,157,1,0
259f8f9cce95b214dc9924af48bcd6f0,STATUS 31,2009-08-20 17:52:32,157,1,0
259f8f9cce95b214dc9924af48bcd6f0,STATUS 32,2009-08-23 21:57:45,157,1,0
259f8f9cce95b214dc9924af48bcd6f0,STATUS 33,2009-08-28 02:07:45,157,1,0
259f8f9cce95b214dc9924af48bcd6f0,STATUS 34,2009-08-29 21:53:41,157,1,0
259f8f9cce95b214dc9924af48bcd6f0,STATUS 35,2009-08-30 14:12:03,157,1,0
259f8f9cce95b214dc9924af48bcd6f0,STATUS 36,2009-09-01 20:20:42,157,1,0
259f8f9cce95b214dc9924af48bcd6f0,STATUS 37,2009-09-03 21:22:44,157,1,0
259f8f9cce95b214dc9924af48bcd6f0,STATUS 38,2009-09-05 20:20:21,157,1,0
259f8f9cce95b214dc9924af48bcd6f0,STATUS 39,2009-09-08 02:17:24,157,1,0
259f8f9cce95b214dc9924af48bcd6f0,STATUS 40,2009-09-09 23:52:59,157,1,0
259f8f9cce95b214dc9924af48bcd6f0,STATUS 41,2009-09-14 03:04:15,157,1,0
259f8f9cce95b214dc9924af48bcd6f0,STATUS 42,2009-09-15 02:47:16,157,1,0
259f8f9cce95b214dc9924af48bcd6f0,STATUS 43,2009-09-16 15:29:55,157,1,0
259f8f9cce95b214dc9924af48bcd6f0,STATUS 44,2009-09-18 22:46:23,157,1,0
259f8f9cce95b214dc9924af48bcd6f0,STATUS 45,2009-09-21 15:11:47,157,1,0
259f8f9cce95b214dc9924af48bcd6f0,STATUS 46,2009-09-27 03:03:42,157,1,0
259f8f9cce95b214dc9924af48bcd6f0,STATUS 47,2009-10-05 03:48:49,157,1,0
259f8f9cce95b214dc9924af48bcd6f0,STATUS 48,2009-10-08 21:14:57,157,1,0
259f8f9cce95b214dc9924af48bcd6f0,STATUS 49,2009-10-09 01:47:15,157,1,0
259f8f9cce95b214dc9924af48bcd6f0,STATUS 50,2009-10-13 01:50:46,157,1,0
259f8f9cce95b214dc9924af48bcd6f0,STATUS 51,2009-10-17 21:23:21,157,1,0
259f8f9cce95b214dc9924af48bcd6f0,STATUS 52,2009-11-05 00:21:26,157,1,0
259f8f9cce95b214dc9924af48bcd6f0,STATUS 53,2009-11-06 05:12:02,157,1,0
259f8f9cce95b214dc9924af48bcd6f0,STATUS 54,2009-11-08 01:22:05,157,1,0
259f8f9cce95b214dc9924af48bcd6f0,STATUS 55,2009-11-11 04:45:40,157,1,0
259f8f9cce95b214dc9924af48bcd6f0,STATUS 56,2009-11-25 01:36:46,157,1,0
259f8f9cce95b214dc9924af48bcd6f0,STATUS 57,2009-12-24 00:54:16,157,1,0
259f8f9cce95b214dc9924af48bcd6f0,STATUS 58,2009-12-25 00:07:58,157,1,0
259f8f9cce95b214dc9924af48bcd6f0,STATUS 59,2009-12-25 22:27:20,157,1,0
259f8f9cce95b214dc9924af48bcd6f0,STATUS 60,2009-12-26 23:17:20,157,1,0
259f8f9cce95b214dc9924af48bcd6f0,STATUS 61,2009-12-27 23:20:34,157,1,0
259f8f9cce95b214dc9924af48bcd6f0,STATUS 62,2009-12-30 03:58:16,157,1,0
259f8f9cce95b214dc9924af48bcd6f0,STATUS 63,2010-01-09 23:33:41,157,1,0
259f8f9cce95b214dc9924af48bcd6f0,STATUS 64,2010-01-11 04:39:40,157,1,0
259f8f9cce95b214dc9924af48bcd6f0,STATUS 65,2010-01-18 02:46:40,157,1,0
259f8f9cce95b214dc9924af48bcd6f0,STATUS 66,2010-01-28 04:57:02,157,1,0
259f8f9cce95b214dc9924af48bcd6f0,STATUS 67,2010-01-29 18:50:45,157,1,0
259f8f9cce95b214dc9924af48bcd6f0,STATUS 68,2010-02-04 23:48:29,157,1,0
259f8f9cce95b214dc9924af48bcd6f0,STATUS 69,2010-02-08 03:28:00,157,1,0
259f8f9cce95b214dc9924af48bcd6f0,STATUS 70,2010-02-12 03:40:26,157,1,0
259f8f9cce95b214dc9924af48bcd6f0,STATUS 71,2010-02-14 02:09:34,157,1,0
259f8f9cce95b214dc9924af48bcd6f0,STATUS 72,2010-02-17 11:35:40,157,1,0
259f8f9cce95b214dc9924af48bcd6f0,STATUS 73,2010-02-25 21:31:51,157,1,0
259f8f9cce95b214dc9924af48bcd6f0,STATUS 74,2010-03-02 03:06:22,157,1,0
259f8f9cce95b214dc9924af48bcd6f0,STATUS 75,2010-03-04 18:21:16,157,1,0
259f8f9cce95b214dc9924af48bcd6f0,STATUS 76,2010-03-10 04:30:06,157,1,0
259f8f9cce95b214dc9924af48bcd6f0,STATUS 77,2010-03-14 02:46:53,157,1,0
259f8f9cce95b214dc9924af48bcd6f0,STATUS 78,2010-03-15 04:33:17,157,1,0
259f8f9cce95b214dc9924af48bcd6f0,STATUS 79,2010-03-25 01:06:37,157,1,0
259f8f9cce95b214dc9924af48bcd6f0,STATUS 80,2010-03-26 02:59:31,157,1,0
259f8f9cce95b214dc9924af48bcd6f0,STATUS 81,2010-04-01 03:44:14,157,1,0
259f8f9cce95b214dc9924af48bcd6f0,STATUS 82,2010-04-03 02:55:01,157,1,0
259f8f9cce95b214dc9924af48bcd6f0,STATUS 83,2010-04-12 02:53:23,157,1,0
259f8f9cce95b214dc9924af48bcd6f0,STATUS 84,2010-04-15 02:18:48,157,1,0
259f8f9cce95b214dc9924af48bcd6f0,STATUS 85,2010-04-18 21:33:57,157,1,0
259f8f9cce95b214dc9924af48bcd6f0,STATUS 86,2010-04-19 18:07:29,157,1,0
259f8f9cce95b214dc9924af48bcd6f0,STATUS 87,2010-04-21 03:06:52,157,1,0
259f8f9cce95b214dc9924af48bcd6f0,STATUS 88,2010-04-27 02:58:37,157,1,0
259f8f9cce95b214dc9924af48bcd6f0,STATUS 89,2010-04-28 05:47:45,157,1,0
259f8f9cce95b214dc9924af48bcd6f0,STATUS 90,2010-04-30 01:49:49,157,1,0
259f8f9cce95b214dc9924af48bcd6f0,STATUS 91,2010-05-01 19:51:18,157,1,0
259f8f9cce95b214dc9924af48bcd6f0,STATUS 92,2010-05-07 02:05:51,157,1,0
259f8f9cce95b214dc9924af48bcd6f0,STATUS 93,2010-05-09 02:53:21,157,1,0
259f8f9cce95b214dc9924af48bcd6f0,STATUS 94,2010-06-13 02:07:14,157,1,0
259f8f9cce95b214dc9924af48bcd6f0,STATUS 95,2010-06-16 13:33:35,157,1,0
259f8f9cce95b214dc9924af48bcd6f0,STATUS 96,2010-06-18 18:39:15,157,1,0
259f8f9cce95b214dc9924af48bcd6f0,STATUS 97,2010-06-21 02:07:45,157,1,0
259f8f9cce95b214dc9924af48bcd6f0,STATUS 98,2010-06-26 03:53:43,157,1,0
259f8f9cce95b214dc9924af48bcd6f0,STATUS 99,2010-06-27 00:13:20,157,1,0
259f8f9cce95b214dc9924af48bcd6f0,STATUS 100,2010-07-04 21:19:49,157,1,0
259f8f9cce95b214dc9924af48bcd6f0,STATUS 101,2010-07-08 21:40:52,157,1,0
259f8f9cce95b214dc9924af48bcd6f0,STATUS 102,2010-07-17 03:29:44,157,1,0
259f8f9cce95b214dc9924af48bcd6f0,STATUS 103,2010-07-18 22:15:49,157,1,0
259f8f9cce95b214dc9924af48bcd6f0,STATUS 104,2010-07-24 01:21:55,157,1,0
259f8f9cce95b214dc9924af48bcd6f0,STATUS 105,2010-07-25 00:54:50,157,1,0
259f8f9cce95b214dc9924af48bcd6f0,STATUS 106,2010-07-27 22:18:09,157,1,0
259f8f9cce95b214dc9924af48bcd6f0,STATUS 107,2010-08-04 02:39:26,157,1,0
259f8f9cce95b214dc9924af48bcd6f0,STATUS 108,2010-08-07 07:01:58,157,1,0
259f8f9cce95b214dc9924af48bcd6f0,STATUS 109,2010-08-13 00:17:08,157,1,0
259f8f9cce95b214dc9924af48bcd6f0,STATUS 110,2010-08-14 05:45:19,157,1,0
259f8f9cce95b214dc9924af48bcd6f0,STATUS 111,2010-08-17 04:28:17,157,1,0
259f8f9cce95b214dc9924af48bcd6f0,STATUS 112,2010-08-19 04:32:33,157,1,0
259f8f9cce95b214dc9924af48bcd6f0,STATUS 113,2010-08-24 13:16:32,157,1,0
259f8f9cce95b214dc9924af48bcd6f0,STATUS 114,2010-08-25 01:53:53,157,1,0
259f8f9cce95b214dc9924af48bcd6f0,STATUS 115,2010-08-28 06:24:05,157,1,0
259f8f9cce95b214dc9924af48bcd6f0,STATUS 116,2010-08-30 13:20:55,157,1,0
259f8f9cce95b214dc9924af48bcd6f0,STATUS 117,2010-09-03 01:19:01,157,1,0
259f8f9cce95b214dc9924af48bcd6f0,STATUS 118,2010-09-07 02:26:11,157,1,0
259f8f9cce95b214dc9924af48bcd6f0,STATUS 119,2010-09-07 21:04:49,157,1,0
259f8f9cce95b214dc9924af48bcd6f0,STATUS 120,2010-09-15 07:43:59,157,1,0
259f8f9cce95b214dc9924af48bcd6f0,STATUS 121,2010-09-21 01:20:18,157,1,0
259f8f9cce95b214dc9924af48bcd6f0,STATUS 122,2010-09-24 01:18:08,157,1,0
259f8f9cce95b214dc9924af48bcd6f0,STATUS 123,2010-09-27 14:28:48,157,1,0
259f8f9cce95b214dc9924af48bcd6f0,STATUS 124,2010-09-29 21:52:16,157,1,0
259f8f9cce95b214dc9924af48bcd6f0,STATUS 125,2010-10-12 01:27:43,157,1,0
259f8f9cce95b214dc9924af48bcd6f0,STATUS 126,2010-10-18 02:08:07,157,1,0
259f8f9cce95b214dc9924af48bcd6f0,STATUS 127,2010-10-22 01:20:46,157,1,0
259f8f9cce95b214dc9924af48bcd6f0,STATUS 128,2010-10-23 23:38:17,157,1,0
259f8f9cce95b214dc9924af48bcd6f0,STATUS 129,2010-10-29 22:40:45,157,1,0
259f8f9cce95b214dc9924af48bcd6f0,STATUS 130,\,157,1,0
259f8f9cce95b214dc9924af48bcd6f0,STATUS 131,2010-11-09 23:07:18,157,1,0
259f8f9cce95b214dc9924af48bcd6f0,STATUS 132,2010-11-15 01:57:36,157,1,0
259f8f9cce95b214dc9924af48bcd6f0,STATUS 133,\,157,1,0
259f8f9cce95b214dc9924af48bcd6f0,STATUS 134,2010-11-22 03:55:58,157,1,0
259f8f9cce95b214dc9924af48bcd6f0,STATUS 135,2010-11-23 03:53:33,157,1,0
259f8f9cce95b214dc9924af48bcd6f0,STATUS 136,2010-11-24 17:01:37,157,1,0
259f8f9cce95b214dc9924af48bcd6f0,STATUS 137,2010-12-03 04:06:05,157,1,0
259f8f9cce95b214dc9924af48bcd6f0,STATUS 138,2010-12-04 21:01:52,157,1,0
259f8f9cce95b214dc9924af48bcd6f0,STATUS 139,2010-12-19 00:32:09,157,1,0
259f8f9cce95b214dc9924af48bcd6f0,STATUS 140,2010-12-19 23:49:11,157,1,0
259f8f9cce95b214dc9924af48bcd6f0,STATUS 141,2010-12-24 14:55:27,157,1,0
259f8f9cce95b214dc9924af48bcd6f0,STATUS 142,2010-12-25 15:40:48,157,1,0
259f8f9cce95b214dc9924af48bcd6f0,STATUS 143,2010-12-30 19:38:49,157,1,0
259f8f9cce95b214dc9924af48bcd6f0,STATUS 144,2011-01-03 03:12:48,157,1,0
259f8f9cce95b214dc9924af48bcd6f0,STATUS 145,2011-01-10 00:00:48,157,1,0
259f8f9cce95b214dc9924af48bcd6f0,STATUS 146,2011-01-24 13:15:53,157,1,0
259f8f9cce95b214dc9924af48bcd6f0,STATUS 147,2011-02-04 00:42:38,157,1,0
259f8f9cce95b214dc9924af48bcd6f0,STATUS 148,2011-02-05 03:13:52,157,1,0
259f8f9cce95b214dc9924af48bcd6f0,STATUS 149,2011-02-07 17:56:15,157,1,0
259f8f9cce95b214dc9924af48bcd6f0,STATUS 150,2011-02-12 03:57:27,157,1,0
259f8f9cce95b214dc9924af48bcd6f0,STATUS 151,2011-02-19 03:28:43,157,1,0
259f8f9cce95b214dc9924af48bcd6f0,STATUS 152,2011-02-26 13:06:19,157,1,0
259f8f9cce95b214dc9924af48bcd6f0,STATUS 153,2011-02-27 01:52:49,157,1,0
259f8f9cce95b214dc9924af48bcd6f0,STATUS 154,2011-02-28 04:55:14,157,1,0
259f8f9cce95b214dc9924af48bcd6f0,STATUS 155,2011-03-01 04:56:38,157,1,0
259f8f9cce95b214dc9924af48bcd6f0,STATUS 156,2011-03-07 10:18:19,157,1,0
c6a9a43058c8cc8398ca6e97324c0fae,STATUS 157,2009-06-21 23:49:17,123,0,1
c6a9a43058c8cc8398ca6e97324c0fae,STATUS 158,2009-06-22 13:52:34,123,0,1
c6a9a43058c8cc8398ca6e97324c0fae,STATUS 159,2009-06-24 02:17:04,123,0,1
c6a9a43058c8cc8398ca6e97324c0fae,STATUS 160,2009-07-02 13:38:14,123,0,1
c6a9a43058c8cc8398ca6e97324c0fae,STATUS 161,2009-07-04 21:41:48,123,0,1
c6a9a43058c8cc8398ca6e97324c0fae,STATUS 162,2009-07-05 18:39:44,123,0,1
c6a9a43058c8cc8398ca6e97324c0fae,STATUS 163,2009-07-12 17:53:38,123,0,1
c6a9a43058c8cc8398ca6e97324c0fae,STATUS 164,2009-07-15 02:55:11,123,0,1
c6a9a43058c8cc8398ca6e97324c0fae,STATUS 165,2009-07-22 00:25:02,123,0,1
c6a9a43058c8cc8398ca6e97324c0fae,STATUS 166,2009-07-27 03:18:59,123,0,1
c6a9a43058c8cc8398ca6e97324c0fae,STATUS 167,2009-07-27 16:28:55,123,0,1
c6a9a43058c8cc8398ca6e97324c0fae,STATUS 168,2009-08-03 19:36:28,123,0,1
c6a9a43058c8cc8398ca6e97324c0fae,STATUS 169,2009-08-10 16:30:33,123,0,1
c6a9a43058c8cc8398ca6e97324c0fae,STATUS 170,2009-08-11 18:27:52,123,0,1
c6a9a43058c8cc8398ca6e97324c0fae,STATUS 171,2009-08-17 20:03:30,123,0,1
c6a9a43058c8cc8398ca6e97324c0fae,STATUS 172,2009-08-19 02:15:02,123,0,1
c6a9a43058c8cc8398ca6e97324c0fae,STATUS 173,2009-08-28 22:17:59,123,0,1
c6a9a43058c8cc8398ca6e97324c0fae,STATUS 174,2009-08-28 23:19:51,123,0,1
c6a9a43058c8cc8398ca6e97324c0fae,STATUS 175,2009-09-19 16:27:53,123,0,1
c6a9a43058c8cc8398ca6e97324c0fae,STATUS 176,2009-09-19 16:47:46,123,0,1
c6a9a43058c8cc8398ca6e97324c0fae,STATUS 177,2009-09-26 03:11:53,123,0,1
c6a9a43058c8cc8398ca6e97324c0fae,STATUS 178,2009-10-04 18:54:14,123,0,1
c6a9a43058c8cc8398ca6e97324c0fae,STATUS 179,2009-10-07 01:16:37,123,0,1
c6a9a43058c8cc8398ca6e97324c0fae,STATUS 180,2009-10-08 01:28:43,123,0,1
c6a9a43058c8cc8398ca6e97324c0fae,STATUS 181,2009-10-12 03:57:31,123,0,1
c6a9a43058c8cc8398ca6e97324c0fae,STATUS 182,2009-10-12 18:59:55,123,0,1
c6a9a43058c8cc8398ca6e97324c0fae,STATUS 183,2009-10-14 18:08:34,123,0,1
c6a9a43058c8cc8398ca6e97324c0fae,STATUS 184,2009-10-16 16:59:29,123,0,1
c6a9a43058c8cc8398ca6e97324c0fae,STATUS 185,2009-10-22 14:21:16,123,0,1
c6a9a43058c8cc8398ca6e97324c0fae,STATUS 186,2009-10-29 01:00:53,123,0,1
c6a9a43058c8cc8398ca6e97324c0fae,STATUS 187,2009-11-19 23:21:12,123,0,1
c6a9a43058c8cc8398ca6e97324c0fae,STATUS 188,2009-12-01 00:52:02,123,0,1
c6a9a43058c8cc8398ca6e97324c0fae,STATUS 189,2010-01-01 04:04:15,123,0,1
c6a9a43058c8cc8398ca6e97324c0fae,STATUS 190,2010-01-20 02:24:37,123,0,1
c6a9a43058c8cc8398ca6e97324c0fae,STATUS 191,2010-01-25 17:35:59,123,0,1
c6a9a43058c8cc8398ca6e97324c0fae,STATUS 192,2010-02-03 01:05:51,123,0,1
c6a9a43058c8cc8398ca6e97324c0fae,STATUS 193,2010-02-09 00:39:04,123,0,1
c6a9a43058c8cc8398ca6e97324c0fae,STATUS 194,2010-02-10 01:02:39,123,0,1
c6a9a43058c8cc8398ca6e97324c0fae,STATUS 195,2010-02-10 19:02:42,123,0,1
c6a9a43058c8cc8398ca6e97324c0fae,STATUS 196,2010-02-14 21:32:05,123,0,1
c6a9a43058c8cc8398ca6e97324c0fae,STATUS 197,2010-02-16 00:27:41,123,0,1
c6a9a43058c8cc8398ca6e97324c0fae,STATUS 198,2010-02-18 04:08:28,123,0,1
c6a9a43058c8cc8398ca6e97324c0fae,STATUS 199,2010-02-19 01:12:10,123,0,1
c6a9a43058c8cc8398ca6e97324c0fae,STATUS 200,2010-02-27 17:11:51,123,0,1
c6a9a43058c8cc8398ca6e97324c0fae,STATUS 201,2010-03-07 14:59:16,123,0,1
c6a9a43058c8cc8398ca6e97324c0fae,STATUS 202,2010-03-08 22:50:37,123,0,1
c6a9a43058c8cc8398ca6e97324c0fae,STATUS 203,2010-03-11 15:43:37,123,0,1
c6a9a43058c8cc8398ca6e97324c0fae,STATUS 204,2010-03-21 14:36:59,123,0,1
c6a9a43058c8cc8398ca6e97324c0fae,STATUS 205,2010-03-22 01:54:36,123,0,1
c6a9a43058c8cc8398ca6e97324c0fae,STATUS 206,2010-03-22 20:37:51,123,0,1
c6a9a43058c8cc8398ca6e97324c0fae,STATUS 207,2010-03-23 14:51:20,123,0,1
c6a9a43058c8cc8398ca6e97324c0fae,STATUS 208,2010-03-28 18:30:33,123,0,1
c6a9a43058c8cc8398ca6e97324c0fae,STATUS 209,2010-03-31 03:53:35,123,0,1
c6a9a43058c8cc8398ca6e97324c0fae,STATUS 210,2010-04-01 14:02:53,123,0,1
c6a9a43058c8cc8398ca6e97324c0fae,STATUS 211,2010-04-02 15:50:14,123,0,1
c6a9a43058c8cc8398ca6e97324c0fae,STATUS 212,2010-04-03 20:59:58,123,0,1
c6a9a43058c8cc8398ca6e97324c0fae,STATUS 213,2010-04-05 22:55:58,123,0,1
c6a9a43058c8cc8398ca6e97324c0fae,STATUS 214,2010-04-19 19:33:10,123,0,1
c6a9a43058c8cc8398ca6e97324c0fae,STATUS 215,2010-05-03 15:35:01,123,0,1
c6a9a43058c8cc8398ca6e97324c0fae,STATUS 216,2010-05-10 20:05:43,123,0,1
c6a9a43058c8cc8398ca6e97324c0fae,STATUS 217,2010-05-12 11:04:13,123,0,1
c6a9a43058c8cc8398ca6e97324c0fae,STATUS 218,2010-05-18 16:24:00,123,0,1
c6a9a43058c8cc8398ca6e97324c0fae,STATUS 219,2010-05-20 11:20:31,123,0,1
c6a9a43058c8cc8398ca6e97324c0fae,STATUS 220,2010-05-22 14:23:56,123,0,1
c6a9a43058c8cc8398ca6e97324c0fae,STATUS 221,2010-05-25 19:48:04,123,0,1
c6a9a43058c8cc8398ca6e97324c0fae,STATUS 222,2010-05-26 01:09:07,123,0,1
c6a9a43058c8cc8398ca6e97324c0fae,STATUS 223,2010-05-26 18:18:38,123,0,1
c6a9a43058c8cc8398ca6e97324c0fae,STATUS 224,2010-05-27 00:57:39,123,0,1
c6a9a43058c8cc8398ca6e97324c0fae,STATUS 225,2010-05-27 19:38:54,123,0,1
c6a9a43058c8cc8398ca6e97324c0fae,STATUS 226,2010-05-28 13:17:03,123,0,1
c6a9a43058c8cc8398ca6e97324c0fae,STATUS 227,2010-06-11 12:01:10,123,0,1
c6a9a43058c8cc8398ca6e97324c0fae,STATUS 228,2010-06-12 11:52:13,123,0,1
c6a9a43058c8cc8398ca6e97324c0fae,STATUS 229,2010-06-19 01:49:59,123,0,1
c6a9a43058c8cc8398ca6e97324c0fae,STATUS 230,2010-06-19 18:26:21,123,0,1
c6a9a43058c8cc8398ca6e97324c0fae,STATUS 231,2010-07-03 16:01:01,123,0,1
c6a9a43058c8cc8398ca6e97324c0fae,STATUS 232,2010-07-09 02:04:40,123,0,1
c6a9a43058c8cc8398ca6e97324c0fae,STATUS 233,2010-07-12 00:51:08,123,0,1
c6a9a43058c8cc8398ca6e97324c0fae,STATUS 234,2010-07-12 16:28:41,123,0,1
c6a9a43058c8cc8398ca6e97324c0fae,STATUS 235,2010-07-17 19:07:54,123,0,1
c6a9a43058c8cc8398ca6e97324c0fae,STATUS 236,2010-07-20 00:55:20,123,0,1
c6a9a43058c8cc8398ca6e97324c0fae,STATUS 237,2010-07-23 12:37:47,123,0,1
c6a9a43058c8cc8398ca6e97324c0fae,STATUS 238,2010-07-26 23:12:03,123,0,1
c6a9a43058c8cc8398ca6e97324c0fae,STATUS 239,2010-08-02 00:22:25,123,0,1
c6a9a43058c8cc8398ca6e97324c0fae,STATUS 240,2010-08-05 20:01:36,123,0,1
c6a9a43058c8cc8398ca6e97324c0fae,STATUS 241,2010-08-07 18:45:18,123,0,1
c6a9a43058c8cc8398ca6e97324c0fae,STATUS 242,2010-08-10 22:16:20,123,0,1
c6a9a43058c8cc8398ca6e97324c0fae,STATUS 243,2010-08-11 22:29:04,123,0,1
c6a9a43058c8cc8398ca6e97324c0fae,STATUS 244,2010-08-12 19:08:41,123,0,1
c6a9a43058c8cc8398ca6e97324c0fae,STATUS 245,2010-08-13 13:55:32,123,0,1
c6a9a43058c8cc8398ca6e97324c0fae,STATUS 246,2010-08-18 12:54:09,123,0,1
c6a9a43058c8cc8398ca6e97324c0fae,STATUS 247,2010-08-19 15:49:42,123,0,1
c6a9a43058c8cc8398ca6e97324c0fae,STATUS 248,2010-08-22 19:46:35,123,0,1
c6a9a43058c8cc8398ca6e97324c0fae,STATUS 249,2010-08-24 14:04:44,123,0,1
c6a9a43058c8cc8398ca6e97324c0fae,STATUS 250,2010-09-03 17:52:03,123,0,1
c6a9a43058c8cc8398ca6e97324c0fae,STATUS 251,2010-09-08 02:11:12,123,0,1
c6a9a43058c8cc8398ca6e97324c0fae,STATUS 252,2010-09-15 21:59:55,123,0,1
c6a9a43058c8cc8398ca6e97324c0fae,STATUS 253,2010-09-18 15:47:06,123,0,1
c6a9a43058c8cc8398ca6e97324c0fae,STATUS 254,2010-09-19 03:05:40,123,0,1
c6a9a43058c8cc8398ca6e97324c0fae,STATUS 255,2010-09-19 18:49:52,123,0,1
c6a9a43058c8cc8398ca6e97324c0fae,STATUS 256,2010-09-21 11:25:31,123,0,1
c6a9a43058c8cc8398ca6e97324c0fae,STATUS 257,2010-09-29 17:51:48,123,0,1
c6a9a43058c8cc8398ca6e97324c0fae,STATUS 258,2010-10-09 15:41:34,123,0,1
c6a9a43058c8cc8398ca6e97324c0fae,STATUS 259,2010-10-17 23:30:14,123,0,1
c6a9a43058c8cc8398ca6e97324c0fae,STATUS 260,2010-10-20 12:09:50,123,0,1
c6a9a43058c8cc8398ca6e97324c0fae,STATUS 261,2010-10-20 23:35:14,123,0,1
c6a9a43058c8cc8398ca6e97324c0fae,STATUS 262,2010-11-02 23:14:12,123,0,1
c6a9a43058c8cc8398ca6e97324c0fae,STATUS 263,2010-11-14 03:13:00,123,0,1
c6a9a43058c8cc8398ca6e97324c0fae,STATUS 264,2010-11-18 21:00:53,123,0,1
c6a9a43058c8cc8398ca6e97324c0fae,STATUS 265,2010-11-24 18:29:06,123,0,1
c6a9a43058c8cc8398ca6e97324c0fae,STATUS 266,2010-11-25 04:10:41,123,0,1
c6a9a43058c8cc8398ca6e97324c0fae,STATUS 267,2010-12-05 00:17:06,123,0,1
c6a9a43058c8cc8398ca6e97324c0fae,STATUS 268,2010-12-05 16:05:20,123,0,1
c6a9a43058c8cc8398ca6e97324c0fae,STATUS 269,2010-12-14 00:01:49,123,0,1
c6a9a43058c8cc8398ca6e97324c0fae,STATUS 270,2010-12-15 01:26:13,123,0,1
c6a9a43058c8cc8398ca6e97324c0fae,STATUS 271,2010-12-18 04:05:00,123,0,1
c6a9a43058c8cc8398ca6e97324c0fae,STATUS 272,2010-12-23 18:26:28,123,0,1
c6a9a43058c8cc8398ca6e97324c0fae,STATUS 273,2010-12-23 21:32:50,123,0,1
c6a9a43058c8cc8398ca6e97324c0fae,STATUS 274,2010-12-24 18:23:51,123,0,1
c6a9a43058c8cc8398ca6e97324c0fae,STATUS 275,2010-12-26 22:42:51,123,0,1
c6a9a43058c8cc8398ca6e97324c0fae,STATUS 276,2011-01-18 17:44:29,123,0,1
c6a9a43058c8cc8398ca6e97324c0fae,STATUS 277,2011-01-19 19:59:59,123,0,1
c6a9a43058c8cc8398ca6e97324c0fae,STATUS 278,2011-02-08 02:08:47,123,0,1
c6a9a43058c8cc8398ca6e97324c0fae,STATUS 279,2011-02-23 00:38:27,123,0,1
cd5cb13bcb5e88ca26141e38df9ac2ff,STATUS 280,2009-01-01 20:35:26,111,1,0
cd5cb13bcb5e88ca26141e38df9ac2ff,STATUS 281,2009-01-03 05:15:03,111,1,0
cd5cb13bcb5e88ca26141e38df9ac2ff,STATUS 282,2009-06-19 16:19:04,111,1,0
cd5cb13bcb5e88ca26141e38df9ac2ff,STATUS 283,2009-06-20 22:57:02,111,1,0
cd5cb13bcb5e88ca26141e38df9ac2ff,STATUS 284,2009-06-25 18:02:34,111,1,0
cd5cb13bcb5e88ca26141e38df9ac2ff,STATUS 285,2009-06-27 21:00:27,111,1,0
cd5cb13bcb5e88ca26141e38df9ac2ff,STATUS 286,2009-07-10 18:51:25,111,1,0
cd5cb13bcb5e88ca26141e38df9ac2ff,STATUS 287,2009-07-18 17:35:20,111,1,0
cd5cb13bcb5e88ca26141e38df9ac2ff,STATUS 288,2009-07-20 14:44:05,111,1,0
cd5cb13bcb5e88ca26141e38df9ac2ff,STATUS 289,2009-07-23 20:25:02,111,1,0
cd5cb13bcb5e88ca26141e38df9ac2ff,STATUS 290,2009-07-24 21:41:52,111,1,0
cd5cb13bcb5e88ca26141e38df9ac2ff,STATUS 291,2009-07-26 20:04:28,111,1,0
cd5cb13bcb5e88ca26141e38df9ac2ff,STATUS 292,2009-07-28 18:25:32,111,1,0
cd5cb13bcb5e88ca26141e38df9ac2ff,STATUS 293,2009-08-03 14:30:21,111,1,0
cd5cb13bcb5e88ca26141e38df9ac2ff,STATUS 294,2009-08-04 17:05:23,111,1,0
cd5cb13bcb5e88ca26141e38df9ac2ff,STATUS 295,2009-08-06 13:01:37,111,1,0
cd5cb13bcb5e88ca26141e38df9ac2ff,STATUS 296,2009-08-08 15:20:25,111,1,0
cd5cb13bcb5e88ca26141e38df9ac2ff,STATUS 297,2009-08-10 19:38:07,111,1,0
cd5cb13bcb5e88ca26141e38df9ac2ff,STATUS 298,2009-08-11 01:25:21,111,1,0
cd5cb13bcb5e88ca26141e38df9ac2ff,STATUS 299,2009-08-13 14:31:29,111,1,0
cd5cb13bcb5e88ca26141e38df9ac2ff,STATUS 300,2009-08-14 16:10:04,111,1,0
cd5cb13bcb5e88ca26141e38df9ac2ff,STATUS 301,2009-08-17 17:21:03,111,1,0
cd5cb13bcb5e88ca26141e38df9ac2ff,STATUS 302,2009-08-20 15:48:53,111,1,0
cd5cb13bcb5e88ca26141e38df9ac2ff,STATUS 303,2009-08-22 19:40:51,111,1,0
cd5cb13bcb5e88ca26141e38df9ac2ff,STATUS 304,2009-08-23 15:02:47,111,1,0
cd5cb13bcb5e88ca26141e38df9ac2ff,STATUS 305,2009-08-25 17:40:13,111,1,0
cd5cb13bcb5e88ca26141e38df9ac2ff,STATUS 306,2009-08-27 14:29:00,111,1,0
cd5cb13bcb5e88ca26141e38df9ac2ff,STATUS 307,2009-08-28 01:18:33,111,1,0
cd5cb13bcb5e88ca26141e38df9ac2ff,STATUS 308,2009-08-30 15:52:17,111,1,0
cd5cb13bcb5e88ca26141e38df9ac2ff,STATUS 309,2009-08-31 16:58:37,111,1,0
cd5cb13bcb5e88ca26141e38df9ac2ff,STATUS 310,2009-09-01 22:14:24,111,1,0
cd5cb13bcb5e88ca26141e38df9ac2ff,STATUS 311,2009-09-03 17:47:47,111,1,0
cd5cb13bcb5e88ca26141e38df9ac2ff,STATUS 312,2009-09-04 11:31:50,111,1,0
cd5cb13bcb5e88ca26141e38df9ac2ff,STATUS 313,2009-09-06 13:50:59,111,1,0
cd5cb13bcb5e88ca26141e38df9ac2ff,STATUS 314,2009-09-07 15:00:12,111,1,0
cd5cb13bcb5e88ca26141e38df9ac2ff,STATUS 315,2009-09-07 23:56:23,111,1,0
cd5cb13bcb5e88ca26141e38df9ac2ff,STATUS 316,2009-09-10 19:44:12,111,1,0
cd5cb13bcb5e88ca26141e38df9ac2ff,STATUS 317,2009-09-12 19:42:54,111,1,0
cd5cb13bcb5e88ca26141e38df9ac2ff,STATUS 318,2009-09-14 16:53:37,111,1,0
cd5cb13bcb5e88ca26141e38df9ac2ff,STATUS 319,2009-09-18 18:35:21,111,1,0
cd5cb13bcb5e88ca26141e38df9ac2ff,STATUS 320,2009-09-20 19:23:25,111,1,0
cd5cb13bcb5e88ca26141e38df9ac2ff,STATUS 321,2009-09-24 14:27:05,111,1,0
cd5cb13bcb5e88ca26141e38df9ac2ff,STATUS 322,2009-10-05 21:23:47,111,1,0
cd5cb13bcb5e88ca26141e38df9ac2ff,STATUS 323,2009-10-09 04:13:46,111,1,0
cd5cb13bcb5e88ca26141e38df9ac2ff,STATUS 324,2009-10-20 03:41:53,111,1,0
cd5cb13bcb5e88ca26141e38df9ac2ff,STATUS 325,2009-10-29 18:25:16,111,1,0
cd5cb13bcb5e88ca26141e38df9ac2ff,STATUS 326,2009-11-03 22:42:56,111,1,0
cd5cb13bcb5e88ca26141e38df9ac2ff,STATUS 327,2009-11-06 20:08:14,111,1,0
cd5cb13bcb5e88ca26141e38df9ac2ff,STATUS 328,2009-11-06 20:43:49,111,1,0
cd5cb13bcb5e88ca26141e38df9ac2ff,STATUS 329,2009-11-07 21:03:10,111,1,0
cd5cb13bcb5e88ca26141e38df9ac2ff,STATUS 330,2009-11-09 22:49:15,111,1,0
cd5cb13bcb5e88ca26141e38df9ac2ff,STATUS 331,2009-11-16 23:18:51,111,1,0
cd5cb13bcb5e88ca26141e38df9ac2ff,STATUS 332,2009-11-16 23:54:03,111,1,0
cd5cb13bcb5e88ca26141e38df9ac2ff,STATUS 333,2009-11-17 04:35:31,111,1,0
cd5cb13bcb5e88ca26141e38df9ac2ff,STATUS 334,2009-11-18 19:40:47,111,1,0
cd5cb13bcb5e88ca26141e38df9ac2ff,STATUS 335,2009-11-22 03:56:10,111,1,0
cd5cb13bcb5e88ca26141e38df9ac2ff,STATUS 336,2009-11-24 23:58:01,111,1,0
cd5cb13bcb5e88ca26141e38df9ac2ff,STATUS 337,2009-12-02 22:53:26,111,1,0
cd5cb13bcb5e88ca26141e38df9ac2ff,STATUS 338,2009-12-08 22:37:08,111,1,0
cd5cb13bcb5e88ca26141e38df9ac2ff,STATUS 339,2009-12-10 15:42:36,111,1,0
cd5cb13bcb5e88ca26141e38df9ac2ff,STATUS 340,2009-12-11 20:07:20,111,1,0
cd5cb13bcb5e88ca26141e38df9ac2ff,STATUS 341,2009-12-17 02:45:20,111,1,0
cd5cb13bcb5e88ca26141e38df9ac2ff,STATUS 342,2009-12-17 23:44:13,111,1,0
cd5cb13bcb5e88ca26141e38df9ac2ff,STATUS 343,2009-12-24 02:44:14,111,1,0
cd5cb13bcb5e88ca26141e38df9ac2ff,STATUS 344,2009-12-29 19:18:01,111,1,0
cd5cb13bcb5e88ca26141e38df9ac2ff,STATUS 345,2010-01-26 15:28:59,111,1,0
cd5cb13bcb5e88ca26141e38df9ac2ff,STATUS 346,2010-01-28 15:37:48,111,1,0
cd5cb13bcb5e88ca26141e38df9ac2ff,STATUS 347,2010-01-28 22:34:34,111,1,0
cd5cb13bcb5e88ca26141e38df9ac2ff,STATUS 348,2010-01-30 06:05:06,111,1,0
cd5cb13bcb5e88ca26141e38df9ac2ff,STATUS 349,2010-02-01 18:19:18,111,1,0
cd5cb13bcb5e88ca26141e38df9ac2ff,STATUS 350,2010-02-02 04:09:09,111,1,0
cd5cb13bcb5e88ca26141e38df9ac2ff,STATUS 351,2010-02-04 17:56:34,111,1,0
cd5cb13bcb5e88ca26141e38df9ac2ff,STATUS 352,2010-02-05 17:29:10,111,1,0
cd5cb13bcb5e88ca26141e38df9ac2ff,STATUS 353,2010-02-10 20:43:37,111,1,0
cd5cb13bcb5e88ca26141e38df9ac2ff,STATUS 354,2010-02-14 23:06:42,111,1,0
cd5cb13bcb5e88ca26141e38df9ac2ff,STATUS 355,2010-02-18 22:20:19,111,1,0
cd5cb13bcb5e88ca26141e38df9ac2ff,STATUS 356,2010-02-22 15:49:01,111,1,0
cd5cb13bcb5e88ca26141e38df9ac2ff,STATUS 357,2010-02-26 19:56:56,111,1,0
cd5cb13bcb5e88ca26141e38df9ac2ff,STATUS 358,2010-03-01 23:42:13,111,1,0
cd5cb13bcb5e88ca26141e38df9ac2ff,STATUS 359,2010-03-02 01:18:37,111,1,0
cd5cb13bcb5e88ca26141e38df9ac2ff,STATUS 360,2010-03-05 23:48:22,111,1,0
cd5cb13bcb5e88ca26141e38df9ac2ff,STATUS 361,2010-03-12 02:48:43,111,1,0
cd5cb13bcb5e88ca26141e38df9ac2ff,STATUS 362,2010-03-15 18:38:25,111,1,0
cd5cb13bcb5e88ca26141e38df9ac2ff,STATUS 363,2010-03-21 20:49:32,111,1,0
cd5cb13bcb5e88ca26141e38df9ac2ff,STATUS 364,2010-03-24 05:13:54,111,1,0
cd5cb13bcb5e88ca26141e38df9ac2ff,STATUS 365,2010-03-24 21:16:45,111,1,0
cd5cb13bcb5e88ca26141e38df9ac2ff,STATUS 366,2010-03-25 23:21:17,111,1,0
cd5cb13bcb5e88ca26141e38df9ac2ff,STATUS 367,2010-03-27 17:16:50,111,1,0
cd5cb13bcb5e88ca26141e38df9ac2ff,STATUS 368,2010-03-30 18:32:11,111,1,0
cd5cb13bcb5e88ca26141e38df9ac2ff,STATUS 369,2010-03-31 21:50:58,111,1,0
cd5cb13bcb5e88ca26141e38df9ac2ff,STATUS 370,2010-04-03 18:16:41,111,1,0
cd5cb13bcb5e88ca26141e38df9ac2ff,STATUS 371,2010-04-08 00:50:18,111,1,0
cd5cb13bcb5e88ca26141e38df9ac2ff,STATUS 372,2010-04-12 00:16:25,111,1,0
cd5cb13bcb5e88ca26141e38df9ac2ff,STATUS 373,2010-04-15 02:53:42,111,1,0
cd5cb13bcb5e88ca26141e38df9ac2ff,STATUS 374,2010-04-19 01:26:54,111,1,0
cd5cb13bcb5e88ca26141e38df9ac2ff,STATUS 375,2010-05-05 05:03:45,111,1,0
cd5cb13bcb5e88ca26141e38df9ac2ff,STATUS 376,2010-05-14 17:41:02,111,1,0
cd5cb13bcb5e88ca26141e38df9ac2ff,STATUS 377,2010-05-20 05:02:05,111,1,0
cd5cb13bcb5e88ca26141e38df9ac2ff,STATUS 378,,111,1,0
cd5cb13bcb5e88ca26141e38df9ac2ff,STATUS 379,2010-05-20 21:31:50,111,1,0
cd5cb13bcb5e88ca26141e38df9ac2ff,STATUS 380,2010-05-23 17:38:53,111,1,0
cd5cb13bcb5e88ca26141e38df9ac2ff,STATUS 381,2010-07-10 16:52:05,111,1,0
cd5cb13bcb5e88ca26141e38df9ac2ff,STATUS 382,2010-07-20 00:02:39,111,1,0
cd5cb13bcb5e88ca26141e38df9ac2ff,STATUS 383,2010-07-24 19:43:04,111,1,0
cd5cb13bcb5e88ca26141e38df9ac2ff,STATUS 384,2010-07-27 00:50:17,111,1,0
cd5cb13bcb5e88ca26141e38df9ac2ff,STATUS 385,2010-08-11 19:26:35,111,1,0
cd5cb13bcb5e88ca26141e38df9ac2ff,STATUS 386,2010-08-17 14:10:59,111,1,0
cd5cb13bcb5e88ca26141e38df9ac2ff,STATUS 387,2010-12-06 17:30:22,111,1,0
cd5cb13bcb5e88ca26141e38df9ac2ff,STATUS 388,2010-12-06 22:41:56,111,1,0
cd5cb13bcb5e88ca26141e38df9ac2ff,STATUS 389,2011-02-22 21:04:58,111,1,0
cd5cb13bcb5e88ca26141e38df9ac2ff,STATUS 390,2011-04-04 14:24:41,111,1,0
100d9e816abfcdf14b136b067aee3c3c,STATUS 391,2009-06-22 16:58:01,50,1,0
100d9e816abfcdf14b136b067aee3c3c,STATUS 392,2009-07-04 14:21:27,50,1,0
100d9e816abfcdf14b136b067aee3c3c,STATUS 393,2009-07-09 01:00:06,50,1,0
100d9e816abfcdf14b136b067aee3c3c,STATUS 394,2009-07-13 18:33:11,50,1,0
100d9e816abfcdf14b136b067aee3c3c,STATUS 395,2009-07-13 21:03:55,50,1,0
100d9e816abfcdf14b136b067aee3c3c,STATUS 396,2009-07-15 14:18:58,50,1,0
100d9e816abfcdf14b136b067aee3c3c,STATUS 397,2009-07-17 18:06:06,50,1,0
100d9e816abfcdf14b136b067aee3c3c,STATUS 398,2009-08-07 23:30:31,50,1,0
100d9e816abfcdf14b136b067aee3c3c,STATUS 399,2009-10-23 00:42:20,50,1,0
100d9e816abfcdf14b136b067aee3c3c,STATUS 400,2010-10-14 18:01:50,50,1,0
100d9e816abfcdf14b136b067aee3c3c,STATUS 401,2010-10-25 16:08:34,50,1,0
100d9e816abfcdf14b136b067aee3c3c,STATUS 402,2010-11-04 13:16:25,50,1,0
100d9e816abfcdf14b136b067aee3c3c,STATUS 403,2010-11-20 15:58:57,50,1,0
100d9e816abfcdf14b136b067aee3c3c,STATUS 404,2011-01-24 02:21:31,50,1,0
100d9e816abfcdf14b136b067aee3c3c,STATUS 405,2011-02-14 17:59:03,50,1,0
100d9e816abfcdf14b136b067aee3c3c,STATUS 406,2011-02-19 03:50:13,50,1,0
100d9e816abfcdf14b136b067aee3c3c,STATUS 407,2011-02-21 14:33:37,50,1,0
100d9e816abfcdf14b136b067aee3c3c,STATUS 408,2011-02-23 21:07:51,50,1,0
100d9e816abfcdf14b136b067aee3c3c,STATUS 409,2011-02-25 01:11:16,50,1,0
100d9e816abfcdf14b136b067aee3c3c,STATUS 410,2011-03-27 01:53:36,50,1,0
100d9e816abfcdf14b136b067aee3c3c,STATUS 411,2011-04-02 19:08:52,50,1,0
100d9e816abfcdf14b136b067aee3c3c,STATUS 412,2011-04-14 01:43:09,50,1,0
100d9e816abfcdf14b136b067aee3c3c,STATUS 413,2011-04-19 01:03:04,50,1,0
100d9e816abfcdf14b136b067aee3c3c,STATUS 414,2011-04-22 02:49:03,50,1,0
100d9e816abfcdf14b136b067aee3c3c,STATUS 415,,50,1,0
100d9e816abfcdf14b136b067aee3c3c,STATUS 416,2011-04-30 19:00:36,50,1,0
100d9e816abfcdf14b136b067aee3c3c,STATUS 417,2011-04-30 19:01:40,50,1,0
100d9e816abfcdf14b136b067aee3c3c,STATUS 418,2011-05-01 21:54:08,50,1,0
100d9e816abfcdf14b136b067aee3c3c,STATUS 419,2011-05-01 22:21:47,50,1,0
100d9e816abfcdf14b136b067aee3c3c,STATUS 420,2011-05-08 16:52:23,50,1,0
100d9e816abfcdf14b136b067aee3c3c,STATUS 421,2011-05-10 02:16:38,50,1,0
100d9e816abfcdf14b136b067aee3c3c,STATUS 422,2011-05-11 23:09:27,50,1,0
100d9e816abfcdf14b136b067aee3c3c,STATUS 423,2011-05-12 01:37:02,50,1,0
100d9e816abfcdf14b136b067aee3c3c,STATUS 424,2011-05-15 23:56:51,50,1,0
100d9e816abfcdf14b136b067aee3c3c,STATUS 425,2011-05-16 02:14:20,50,1,0
100d9e816abfcdf14b136b067aee3c3c,STATUS 426,2011-05-17 01:11:17,50,1,0
100d9e816abfcdf14b136b067aee3c3c,STATUS 427,2011-05-30 15:47:49,50,1,0
100d9e816abfcdf14b136b067aee3c3c,STATUS 428,2011-05-31 03:02:07,50,1,0
100d9e816abfcdf14b136b067aee3c3c,STATUS 429,2011-06-01 23:07:31,50,1,0
100d9e816abfcdf14b136b067aee3c3c,STATUS 430,2011-06-03 13:29:33,50,1,0
100d9e816abfcdf14b136b067aee3c3c,STATUS 431,2011-06-06 01:34:28,50,1,0
100d9e816abfcdf14b136b067aee3c3c,STATUS 432,2011-06-06 02:29:04,50,1,0
100d9e816abfcdf14b136b067aee3c3c,STATUS 433,2011-06-06 02:47:27,50,1,0
100d9e816abfcdf14b136b067aee3c3c,STATUS 434,2011-06-08 03:49:56,50,1,0
100d9e816abfcdf14b136b067aee3c3c,STATUS 435,2011-06-11 16:24:18,50,1,0
100d9e816abfcdf14b136b067aee3c3c,STATUS 436,2011-06-12 02:19:00,50,1,0
100d9e816abfcdf14b136b067aee3c3c,STATUS 437,2011-06-13 01:14:45,50,1,0
100d9e816abfcdf14b136b067aee3c3c,STATUS 438,2011-06-13 02:53:53,50,1,0
100d9e816abfcdf14b136b067aee3c3c,STATUS 439,2011-06-14 03:13:17,50,1,0
100d9e816abfcdf14b136b067aee3c3c,STATUS 440,2011-06-16 03:30:18,50,1,0
e557fd2902b857797cb8cec471f201a5,STATUS 441,2009-06-24 00:50:10,170,0,0
e557fd2902b857797cb8cec471f201a5,STATUS 442,2009-06-27 03:51:25,170,0,0
e557fd2902b857797cb8cec471f201a5,STATUS 443,2009-07-02 17:45:13,170,0,0
e557fd2902b857797cb8cec471f201a5,STATUS 444,2009-07-04 18:04:54,170,0,0
e557fd2902b857797cb8cec471f201a5,STATUS 445,2009-07-09 23:28:10,170,0,0
e557fd2902b857797cb8cec471f201a5,STATUS 446,2009-07-12 21:12:49,170,0,0
e557fd2902b857797cb8cec471f201a5,STATUS 447,2009-07-18 12:37:23,170,0,0
e557fd2902b857797cb8cec471f201a5,STATUS 448,2009-08-03 21:40:10,170,0,0
e557fd2902b857797cb8cec471f201a5,STATUS 449,2009-08-04 12:30:25,170,0,0
e557fd2902b857797cb8cec471f201a5,STATUS 450,2009-08-11 16:28:11,170,0,0
e557fd2902b857797cb8cec471f201a5,STATUS 451,2009-08-15 23:42:13,170,0,0
e557fd2902b857797cb8cec471f201a5,STATUS 452,2009-08-17 01:00:40,170,0,0
e557fd2902b857797cb8cec471f201a5,STATUS 453,2009-08-28 14:32:36,170,0,0
e557fd2902b857797cb8cec471f201a5,STATUS 454,2009-09-03 23:57:40,170,0,0
e557fd2902b857797cb8cec471f201a5,STATUS 455,2009-10-02 16:38:06,170,0,0
e557fd2902b857797cb8cec471f201a5,STATUS 456,2009-10-10 02:29:39,170,0,0
e557fd2902b857797cb8cec471f201a5,STATUS 457,2009-10-18 19:19:39,170,0,0
e557fd2902b857797cb8cec471f201a5,STATUS 458,2009-10-21 20:27:30,170,0,0
e557fd2902b857797cb8cec471f201a5,STATUS 459,2009-11-05 20:44:42,170,0,0
e557fd2902b857797cb8cec471f201a5,STATUS 460,2009-11-16 00:51:22,170,0,0
e557fd2902b857797cb8cec471f201a5,STATUS 461,2009-11-17 00:33:41,170,0,0
e557fd2902b857797cb8cec471f201a5,STATUS 462,2009-11-25 19:27:00,170,0,0
e557fd2902b857797cb8cec471f201a5,STATUS 463,2009-11-27 16:35:26,170,0,0
e557fd2902b857797cb8cec471f201a5,STATUS 464,2009-11-30 01:11:25,170,0,0
e557fd2902b857797cb8cec471f201a5,STATUS 465,2009-12-04 03:18:46,170,0,0
e557fd2902b857797cb8cec471f201a5,STATUS 466,2009-12-09 00:21:42,170,0,0
e557fd2902b857797cb8cec471f201a5,STATUS 467,2009-12-11 02:20:50,170,0,0
e557fd2902b857797cb8cec471f201a5,STATUS 468,2009-12-16 19:44:30,170,0,0
e557fd2902b857797cb8cec471f201a5,STATUS 469,2009-12-22 21:51:46,170,0,0
e557fd2902b857797cb8cec471f201a5,STATUS 470,2009-12-26 08:06:53,170,0,0
e557fd2902b857797cb8cec471f201a5,STATUS 471,2009-12-28 03:26:41,170,0,0
e557fd2902b857797cb8cec471f201a5,STATUS 472,2010-01-02 03:16:12,170,0,0
e557fd2902b857797cb8cec471f201a5,STATUS 473,2010-01-07 23:02:58,170,0,0
e557fd2902b857797cb8cec471f201a5,STATUS 474,2010-01-09 19:24:14,170,0,0
e557fd2902b857797cb8cec471f201a5,STATUS 475,2010-01-10 22:45:37,170,0,0
e557fd2902b857797cb8cec471f201a5,STATUS 476,2010-01-11 22:28:03,170,0,0
e557fd2902b857797cb8cec471f201a5,STATUS 477,2010-01-15 00:19:03,170,0,0
e557fd2902b857797cb8cec471f201a5,STATUS 478,2010-01-17 17:25:43,170,0,0
e557fd2902b857797cb8cec471f201a5,STATUS 479,2010-01-18 12:34:30,170,0,0
e557fd2902b857797cb8cec471f201a5,STATUS 480,2010-01-19 17:11:38,170,0,0
e557fd2902b857797cb8cec471f201a5,STATUS 481,2010-01-25 00:38:57,170,0,0
e557fd2902b857797cb8cec471f201a5,STATUS 482,2010-01-29 09:39:56,170,0,0
e557fd2902b857797cb8cec471f201a5,STATUS 483,2010-02-13 13:51:15,170,0,0
e557fd2902b857797cb8cec471f201a5,STATUS 484,2010-02-20 05:46:39,170,0,0
e557fd2902b857797cb8cec471f201a5,STATUS 485,2010-03-11 05:27:11,170,0,0
e557fd2902b857797cb8cec471f201a5,STATUS 486,2010-03-11 18:40:39,170,0,0
e557fd2902b857797cb8cec471f201a5,STATUS 487,2010-03-12 08:19:04,170,0,0
e557fd2902b857797cb8cec471f201a5,STATUS 488,2010-03-16 02:50:24,170,0,0
e557fd2902b857797cb8cec471f201a5,STATUS 489,2010-03-17 21:10:27,170,0,0
e557fd2902b857797cb8cec471f201a5,STATUS 490,2010-03-21 01:45:06,170,0,0
e557fd2902b857797cb8cec471f201a5,STATUS 491,2010-03-23 01:27:39,170,0,0
e557fd2902b857797cb8cec471f201a5,STATUS 492,2010-03-24 08:45:51,170,0,0
e557fd2902b857797cb8cec471f201a5,STATUS 493,2010-03-26 07:52:48,170,0,0
e557fd2902b857797cb8cec471f201a5,STATUS 494,2010-03-29 21:47:50,170,0,0
e557fd2902b857797cb8cec471f201a5,STATUS 495,2010-03-30 20:57:47,170,0,0
e557fd2902b857797cb8cec471f201a5,STATUS 496,2010-04-08 20:30:59,170,0,0
e557fd2902b857797cb8cec471f201a5,STATUS 497,2010-04-13 18:31:05,170,0,0
e557fd2902b857797cb8cec471f201a5,STATUS 498,2010-04-23 00:51:35,170,0,0
e557fd2902b857797cb8cec471f201a5,STATUS 499,2010-04-30 11:28:21,170,0,0
e557fd2902b857797cb8cec471f201a5,STATUS 500,2010-05-28 01:25:23,170,0,0
e557fd2902b857797cb8cec471f201a5,STATUS 501,2010-05-28 10:24:11,170,0,0
e557fd2902b857797cb8cec471f201a5,STATUS 502,2010-05-30 21:59:13,170,0,0
e557fd2902b857797cb8cec471f201a5,STATUS 503,2010-06-18 00:30:24,170,0,0
e557fd2902b857797cb8cec471f201a5,STATUS 504,2010-06-18 04:11:55,170,0,0
e557fd2902b857797cb8cec471f201a5,STATUS 505,2010-06-19 23:57:27,170,0,0
e557fd2902b857797cb8cec471f201a5,STATUS 506,2010-06-20 06:48:29,170,0,0
e557fd2902b857797cb8cec471f201a5,STATUS 507,2010-06-27 01:00:28,170,0,0
e557fd2902b857797cb8cec471f201a5,STATUS 508,2010-06-27 04:10:47,170,0,0
e557fd2902b857797cb8cec471f201a5,STATUS 509,2010-06-27 05:17:18,170,0,0
e557fd2902b857797cb8cec471f201a5,STATUS 510,2010-06-27 07:07:05,170,0,0
e557fd2902b857797cb8cec471f201a5,STATUS 511,2010-06-29 04:09:37,170,0,0
e557fd2902b857797cb8cec471f201a5,STATUS 512,2010-07-03 04:40:09,170,0,0
e557fd2902b857797cb8cec471f201a5,STATUS 513,2010-07-04 18:50:50,170,0,0
e557fd2902b857797cb8cec471f201a5,STATUS 514,2010-07-07 19:56:56,170,0,0
e557fd2902b857797cb8cec471f201a5,STATUS 515,2010-07-07 21:08:13,170,0,0
e557fd2902b857797cb8cec471f201a5,STATUS 516,2010-07-07 21:47:18,170,0,0
e557fd2902b857797cb8cec471f201a5,STATUS 517,2010-07-07 22:02:37,170,0,0
e557fd2902b857797cb8cec471f201a5,STATUS 518,2010-07-07 23:03:00,170,0,0
e557fd2902b857797cb8cec471f201a5,STATUS 519,2010-07-07 23:32:16,170,0,0
e557fd2902b857797cb8cec471f201a5,STATUS 520,2010-07-08 00:19:17,170,0,0
e557fd2902b857797cb8cec471f201a5,STATUS 521,2010-07-08 03:19:04,170,0,0
e557fd2902b857797cb8cec471f201a5,STATUS 522,2010-07-08 04:38:56,170,0,0
e557fd2902b857797cb8cec471f201a5,STATUS 523,2010-07-08 06:17:53,170,0,0
e557fd2902b857797cb8cec471f201a5,STATUS 524,2010-07-08 06:42:33,170,0,0
e557fd2902b857797cb8cec471f201a5,STATUS 525,2010-07-09 19:47:17,170,0,0
e557fd2902b857797cb8cec471f201a5,STATUS 526,2010-07-09 20:12:15,170,0,0
e557fd2902b857797cb8cec471f201a5,STATUS 527,2010-07-09 21:10:19,170,0,0
e557fd2902b857797cb8cec471f201a5,STATUS 528,2010-07-09 22:38:15,170,0,0
e557fd2902b857797cb8cec471f201a5,STATUS 529,2010-07-09 22:58:48,170,0,0
e557fd2902b857797cb8cec471f201a5,STATUS 530,2010-07-10 00:24:33,170,0,0
e557fd2902b857797cb8cec471f201a5,STATUS 531,2010-07-10 00:53:06,170,0,0
e557fd2902b857797cb8cec471f201a5,STATUS 532,2010-07-10 01:40:04,170,0,0
e557fd2902b857797cb8cec471f201a5,STATUS 533,2010-07-10 02:22:28,170,0,0
e557fd2902b857797cb8cec471f201a5,STATUS 534,2010-07-10 04:47:31,170,0,0
e557fd2902b857797cb8cec471f201a5,STATUS 535,2010-07-10 05:56:39,170,0,0
e557fd2902b857797cb8cec471f201a5,STATUS 536,2010-07-12 21:05:59,170,0,0
e557fd2902b857797cb8cec471f201a5,STATUS 537,2010-07-12 23:28:47,170,0,0
e557fd2902b857797cb8cec471f201a5,STATUS 538,2010-07-13 00:49:57,170,0,0
e557fd2902b857797cb8cec471f201a5,STATUS 539,2010-07-13 01:29:02,170,0,0
e557fd2902b857797cb8cec471f201a5,STATUS 540,2010-07-13 01:48:35,170,0,0
e557fd2902b857797cb8cec471f201a5,STATUS 541,2010-07-13 03:44:09,170,0,0
e557fd2902b857797cb8cec471f201a5,STATUS 542,2010-07-13 05:06:12,170,0,0
e557fd2902b857797cb8cec471f201a5,STATUS 543,2010-07-13 05:24:28,170,0,0
e557fd2902b857797cb8cec471f201a5,STATUS 544,2010-07-13 17:14:19,170,0,0
e557fd2902b857797cb8cec471f201a5,STATUS 545,2010-07-13 18:55:34,170,0,0
e557fd2902b857797cb8cec471f201a5,STATUS 546,2010-07-13 19:26:59,170,0,0
e557fd2902b857797cb8cec471f201a5,STATUS 547,2010-07-13 19:50:01,170,0,0
e557fd2902b857797cb8cec471f201a5,STATUS 548,2010-07-13 21:07:02,170,0,0
e557fd2902b857797cb8cec471f201a5,STATUS 549,2010-07-13 23:25:42,170,0,0
e557fd2902b857797cb8cec471f201a5,STATUS 550,2010-07-14 00:48:37,170,0,0
e557fd2902b857797cb8cec471f201a5,STATUS 551,2010-07-14 02:01:01,170,0,0
e557fd2902b857797cb8cec471f201a5,STATUS 552,2010-07-14 02:25:36,170,0,0
e557fd2902b857797cb8cec471f201a5,STATUS 553,2010-07-14 03:44:51,170,0,0
e557fd2902b857797cb8cec471f201a5,STATUS 554,2010-07-14 05:18:37,170,0,0
e557fd2902b857797cb8cec471f201a5,STATUS 555,2010-07-14 05:46:15,170,0,0
e557fd2902b857797cb8cec471f201a5,STATUS 556,2010-07-14 06:36:59,170,0,0
e557fd2902b857797cb8cec471f201a5,STATUS 557,2010-07-14 19:05:04,170,0,0
e557fd2902b857797cb8cec471f201a5,STATUS 558,2010-07-14 19:46:24,170,0,0
e557fd2902b857797cb8cec471f201a5,STATUS 559,2010-07-16 20:44:02,170,0,0
e557fd2902b857797cb8cec471f201a5,STATUS 560,2010-07-25 10:24:07,170,0,0
e557fd2902b857797cb8cec471f201a5,STATUS 561,2010-07-26 13:00:31,170,0,0
e557fd2902b857797cb8cec471f201a5,STATUS 562,,170,0,0
e557fd2902b857797cb8cec471f201a5,STATUS 563,2010-07-31 11:04:47,170,0,0
e557fd2902b857797cb8cec471f201a5,STATUS 564,2010-07-31 11:09:44,170,0,0
e557fd2902b857797cb8cec471f201a5,STATUS 565,2010-08-01 13:59:19,170,0,0
e557fd2902b857797cb8cec471f201a5,STATUS 566,2010-08-07 19:07:42,170,0,0
e557fd2902b857797cb8cec471f201a5,STATUS 567,2010-08-08 17:20:48,170,0,0
e557fd2902b857797cb8cec471f201a5,STATUS 568,2010-08-10 22:48:20,170,0,0
e557fd2902b857797cb8cec471f201a5,STATUS 569,2010-08-12 19:00:34,170,0,0
e557fd2902b857797cb8cec471f201a5,STATUS 570,2010-08-29 12:27:59,170,0,0
e557fd2902b857797cb8cec471f201a5,STATUS 571,2010-09-06 07:54:39,170,0,0
e557fd2902b857797cb8cec471f201a5,STATUS 572,2010-09-08 09:19:27,170,0,0
e557fd2902b857797cb8cec471f201a5,STATUS 573,2010-09-09 03:03:58,170,0,0
e557fd2902b857797cb8cec471f201a5,STATUS 574,2010-09-13 00:10:38,170,0,0
e557fd2902b857797cb8cec471f201a5,STATUS 575,2010-09-13 10:38:18,170,0,0
e557fd2902b857797cb8cec471f201a5,STATUS 576,2010-09-29 01:36:14,170,0,0
e557fd2902b857797cb8cec471f201a5,STATUS 577,2010-10-02 19:49:33,170,0,0
e557fd2902b857797cb8cec471f201a5,STATUS 578,2010-10-12 22:09:13,170,0,0
e557fd2902b857797cb8cec471f201a5,STATUS 579,2010-10-14 09:51:40,170,0,0
e557fd2902b857797cb8cec471f201a5,STATUS 580,2010-10-15 23:48:55,170,0,0
e557fd2902b857797cb8cec471f201a5,STATUS 581,2010-10-19 19:06:05,170,0,0
e557fd2902b857797cb8cec471f201a5,STATUS 582,2010-10-24 13:20:56,170,0,0
e557fd2902b857797cb8cec471f201a5,STATUS 583,2010-10-26 00:24:58,170,0,0
e557fd2902b857797cb8cec471f201a5,STATUS 584,2010-10-29 21:11:40,170,0,0
e557fd2902b857797cb8cec471f201a5,STATUS 585,2010-10-30 19:00:58,170,0,0
e557fd2902b857797cb8cec471f201a5,STATUS 586,2010-10-31 06:34:41,170,0,0
e557fd2902b857797cb8cec471f201a5,STATUS 587,2010-11-04 13:06:08,170,0,0
e557fd2902b857797cb8cec471f201a5,STATUS 588,2010-11-17 23:29:14,170,0,0
e557fd2902b857797cb8cec471f201a5,STATUS 589,2010-11-22 14:04:20,170,0,0
e557fd2902b857797cb8cec471f201a5,STATUS 590,2010-11-27 07:23:30,170,0,0
e557fd2902b857797cb8cec471f201a5,STATUS 591,2010-12-01 11:06:03,170,0,0
e557fd2902b857797cb8cec471f201a5,STATUS 592,2010-12-09 04:52:04,170,0,0
e557fd2902b857797cb8cec471f201a5,STATUS 593,2010-12-09 05:07:48,170,0,0
e557fd2902b857797cb8cec471f201a5,STATUS 594,2010-12-09 06:33:41,170,0,0
e557fd2902b857797cb8cec471f201a5,STATUS 595,2010-12-09 07:58:47,170,0,0
e557fd2902b857797cb8cec471f201a5,STATUS 596,2010-12-09 08:39:50,170,0,0
e557fd2902b857797cb8cec471f201a5,STATUS 597,2010-12-09 10:35:22,170,0,0
e557fd2902b857797cb8cec471f201a5,STATUS 598,2010-12-09 11:51:37,170,0,0
e557fd2902b857797cb8cec471f201a5,STATUS 599,2010-12-20 18:06:53,170,0,0
e557fd2902b857797cb8cec471f201a5,STATUS 600,2010-12-24 20:45:45,170,0,0
e557fd2902b857797cb8cec471f201a5,STATUS 601,2011-01-14 01:42:28,170,0,0
e557fd2902b857797cb8cec471f201a5,STATUS 602,2011-01-26 01:37:28,170,0,0
e557fd2902b857797cb8cec471f201a5,STATUS 603,2011-01-28 07:11:51,170,0,0
e557fd2902b857797cb8cec471f201a5,STATUS 604,2011-01-30 07:46:02,170,0,0
e557fd2902b857797cb8cec471f201a5,STATUS 605,2011-02-08 00:42:07,170,0,0
e557fd2902b857797cb8cec471f201a5,STATUS 606,2011-02-16 01:39:38,170,0,0
e557fd2902b857797cb8cec471f201a5,STATUS 607,2011-02-16 01:40:21,170,0,0
e557fd2902b857797cb8cec471f201a5,STATUS 608,2011-02-17 14:11:33,170,0,0
e557fd2902b857797cb8cec471f201a5,STATUS 609,2011-02-20 02:31:18,170,0,0
e557fd2902b857797cb8cec471f201a5,STATUS 610,2011-02-22 18:51:31,170,0,0
e7b7f5af7d02ec06b3da2edf2053dfed,STATUS 611,2009-11-15 16:16:01,63,0,1
e7b7f5af7d02ec06b3da2edf2053dfed,STATUS 612,2009-11-21 00:49:16,63,0,1
e7b7f5af7d02ec06b3da2edf2053dfed,STATUS 613,2009-11-21 02:41:38,63,0,1
e7b7f5af7d02ec06b3da2edf2053dfed,STATUS 614,2009-11-21 02:44:20,63,0,1
e7b7f5af7d02ec06b3da2edf2053dfed,STATUS 615,2009-12-13 21:07:37,63,0,1
e7b7f5af7d02ec06b3da2edf2053dfed,STATUS 616,2010-01-01 23:03:01,63,0,1
e7b7f5af7d02ec06b3da2edf2053dfed,STATUS 617,2010-01-17 17:14:41,63,0,1
e7b7f5af7d02ec06b3da2edf2053dfed,STATUS 618,2010-01-17 21:03:29,63,0,1
e7b7f5af7d02ec06b3da2edf2053dfed,STATUS 619,2010-01-20 03:19:14,63,0,1
e7b7f5af7d02ec06b3da2edf2053dfed,STATUS 620,2010-01-29 18:33:22,63,0,1
e7b7f5af7d02ec06b3da2edf2053dfed,STATUS 621,2010-02-18 22:49:16,63,0,1
e7b7f5af7d02ec06b3da2edf2053dfed,STATUS 622,2010-03-03 19:45:05,63,0,1
e7b7f5af7d02ec06b3da2edf2053dfed,STATUS 623,2010-03-13 18:58:09,63,0,1
e7b7f5af7d02ec06b3da2edf2053dfed,STATUS 624,2010-04-07 22:53:21,63,0,1
e7b7f5af7d02ec06b3da2edf2053dfed,STATUS 625,2010-04-13 18:05:35,63,0,1
e7b7f5af7d02ec06b3da2edf2053dfed,STATUS 626,2010-04-28 19:28:06,63,0,1
e7b7f5af7d02ec06b3da2edf2053dfed,STATUS 627,2010-05-04 17:29:57,63,0,1
e7b7f5af7d02ec06b3da2edf2053dfed,STATUS 628,2010-05-10 01:10:26,63,0,1
e7b7f5af7d02ec06b3da2edf2053dfed,STATUS 629,2010-05-11 18:20:33,63,0,1
e7b7f5af7d02ec06b3da2edf2053dfed,STATUS 630,2010-05-12 15:34:49,63,0,1
e7b7f5af7d02ec06b3da2edf2053dfed,STATUS 631,2010-05-13 07:18:59,63,0,1
e7b7f5af7d02ec06b3da2edf2053dfed,STATUS 632,2010-06-01 20:46:50,63,0,1
e7b7f5af7d02ec06b3da2edf2053dfed,STATUS 633,2010-06-08 22:40:20,63,0,1
e7b7f5af7d02ec06b3da2edf2053dfed,STATUS 634,2010-06-13 04:34:26,63,0,1
e7b7f5af7d02ec06b3da2edf2053dfed,STATUS 635,2010-06-14 16:26:59,63,0,1
e7b7f5af7d02ec06b3da2edf2053dfed,STATUS 636,2010-06-16 18:33:45,63,0,1
e7b7f5af7d02ec06b3da2edf2053dfed,STATUS 637,2010-06-22 15:51:26,63,0,1
e7b7f5af7d02ec06b3da2edf2053dfed,STATUS 638,2010-07-10 19:15:53,63,0,1
e7b7f5af7d02ec06b3da2edf2053dfed,STATUS 639,2010-07-10 21:09:56,63,0,1
e7b7f5af7d02ec06b3da2edf2053dfed,STATUS 640,2010-07-11 17:45:58,63,0,1
e7b7f5af7d02ec06b3da2edf2053dfed,STATUS 641,2010-07-14 18:11:43,63,0,1
e7b7f5af7d02ec06b3da2edf2053dfed,STATUS 642,2010-07-27 06:17:20,63,0,1
e7b7f5af7d02ec06b3da2edf2053dfed,STATUS 643,2010-08-05 17:55:07,63,0,1
e7b7f5af7d02ec06b3da2edf2053dfed,STATUS 644,2010-08-06 15:39:12,63,0,1
e7b7f5af7d02ec06b3da2edf2053dfed,STATUS 645,2010-08-07 18:30:42,63,0,1
e7b7f5af7d02ec06b3da2edf2053dfed,STATUS 646,2010-08-08 14:47:23,63,0,1
e7b7f5af7d02ec06b3da2edf2053dfed,STATUS 647,2010-08-09 17:30:17,63,0,1
e7b7f5af7d02ec06b3da2edf2053dfed,STATUS 648,2010-08-11 19:27:55,63,0,1
e7b7f5af7d02ec06b3da2edf2053dfed,STATUS 649,2010-08-13 01:34:51,63,0,1
e7b7f5af7d02ec06b3da2edf2053dfed,STATUS 650,2010-08-13 15:30:13,63,0,1
e7b7f5af7d02ec06b3da2edf2053dfed,STATUS 651,2010-08-30 23:35:14,63,0,1
e7b7f5af7d02ec06b3da2edf2053dfed,STATUS 652,2010-09-09 22:31:46,63,0,1
e7b7f5af7d02ec06b3da2edf2053dfed,STATUS 653,2010-09-14 08:53:15,63,0,1
e7b7f5af7d02ec06b3da2edf2053dfed,STATUS 654,2010-09-17 16:28:20,63,0,1
e7b7f5af7d02ec06b3da2edf2053dfed,STATUS 655,2010-09-17 16:28:49,63,0,1
e7b7f5af7d02ec06b3da2edf2053dfed,STATUS 656,2010-09-28 22:24:33,63,0,1
e7b7f5af7d02ec06b3da2edf2053dfed,STATUS 657,2010-10-03 00:06:16,63,0,1
e7b7f5af7d02ec06b3da2edf2053dfed,STATUS 658,2010-11-02 19:31:10,63,0,1
e7b7f5af7d02ec06b3da2edf2053dfed,STATUS 659,2010-11-07 18:17:27,63,0,1
e7b7f5af7d02ec06b3da2edf2053dfed,STATUS 660,2010-11-07 19:13:20,63,0,1
e7b7f5af7d02ec06b3da2edf2053dfed,STATUS 661,2010-11-08 21:45:37,63,0,1
e7b7f5af7d02ec06b3da2edf2053dfed,STATUS 662,2010-11-13 20:37:26,63,0,1
e7b7f5af7d02ec06b3da2edf2053dfed,STATUS 663,2010-11-15 17:34:21,63,0,1
e7b7f5af7d02ec06b3da2edf2053dfed,STATUS 664,2010-11-16 18:21:52,63,0,1
e7b7f5af7d02ec06b3da2edf2053dfed,STATUS 665,2010-11-17 23:26:47,63,0,1
e7b7f5af7d02ec06b3da2edf2053dfed,STATUS 666,2010-11-22 18:43:42,63,0,1
e7b7f5af7d02ec06b3da2edf2053dfed,STATUS 667,2010-12-02 17:37:02,63,0,1
e7b7f5af7d02ec06b3da2edf2053dfed,STATUS 668,2010-12-03 15:48:04,63,0,1
e7b7f5af7d02ec06b3da2edf2053dfed,STATUS 669,2010-12-25 17:45:32,63,0,1
e7b7f5af7d02ec06b3da2edf2053dfed,STATUS 670,2011-01-05 17:08:35,63,0,1
e7b7f5af7d02ec06b3da2edf2053dfed,STATUS 671,2011-01-05 19:03:25,63,0,1
e7b7f5af7d02ec06b3da2edf2053dfed,STATUS 672,2011-01-20 16:38:08,63,0,1
e7b7f5af7d02ec06b3da2edf2053dfed,STATUS 673,2011-02-28 07:02:21,63,0,1
970197105b41eac939d4fc3cec25137b,STATUS 674,2009-01-01 01:08:14,92,1,0
970197105b41eac939d4fc3cec25137b,STATUS 675,2009-06-18 00:35:32,92,1,0
970197105b41eac939d4fc3cec25137b,STATUS 676,2009-06-18 20:49:47,92,1,0
970197105b41eac939d4fc3cec25137b,STATUS 677,2009-06-24 03:29:21,92,1,0
970197105b41eac939d4fc3cec25137b,STATUS 678,2009-06-29 05:17:00,92,1,0
970197105b41eac939d4fc3cec25137b,STATUS 679,2009-07-09 22:40:47,92,1,0
970197105b41eac939d4fc3cec25137b,STATUS 680,2009-07-31 01:23:55,92,1,0
970197105b41eac939d4fc3cec25137b,STATUS 681,2009-08-10 03:17:04,92,1,0
970197105b41eac939d4fc3cec25137b,STATUS 682,2009-08-13 19:07:07,92,1,0
970197105b41eac939d4fc3cec25137b,STATUS 683,2009-08-20 04:49:35,92,1,0
970197105b41eac939d4fc3cec25137b,STATUS 684,2009-08-21 05:00:19,92,1,0
970197105b41eac939d4fc3cec25137b,STATUS 685,2009-08-22 09:22:29,92,1,0
970197105b41eac939d4fc3cec25137b,STATUS 686,2009-08-23 06:10:17,92,1,0
970197105b41eac939d4fc3cec25137b,STATUS 687,2009-08-24 03:18:32,92,1,0
970197105b41eac939d4fc3cec25137b,STATUS 688,2009-08-25 05:11:21,92,1,0
970197105b41eac939d4fc3cec25137b,STATUS 689,2009-08-26 22:34:16,92,1,0
970197105b41eac939d4fc3cec25137b,STATUS 690,2009-08-31 02:53:47,92,1,0
970197105b41eac939d4fc3cec25137b,STATUS 691,2009-09-02 06:01:35,92,1,0
970197105b41eac939d4fc3cec25137b,STATUS 692,2009-09-16 04:07:54,92,1,0
970197105b41eac939d4fc3cec25137b,STATUS 693,2009-09-19 01:34:44,92,1,0
970197105b41eac939d4fc3cec25137b,STATUS 694,2009-10-08 04:25:29,92,1,0
970197105b41eac939d4fc3cec25137b,STATUS 695,2009-10-12 03:00:48,92,1,0
970197105b41eac939d4fc3cec25137b,STATUS 696,2009-10-17 00:13:40,92,1,0
970197105b41eac939d4fc3cec25137b,STATUS 697,2009-10-27 17:02:33,92,1,0
970197105b41eac939d4fc3cec25137b,STATUS 698,2009-11-02 06:27:27,92,1,0
970197105b41eac939d4fc3cec25137b,STATUS 699,2009-11-04 21:21:09,92,1,0
970197105b41eac939d4fc3cec25137b,STATUS 700,2009-11-23 02:09:44,92,1,0
970197105b41eac939d4fc3cec25137b,STATUS 701,2009-11-26 09:30:12,92,1,0
970197105b41eac939d4fc3cec25137b,STATUS 702,2009-11-28 11:03:41,92,1,0
970197105b41eac939d4fc3cec25137b,STATUS 703,2009-12-06 05:33:12,92,1,0
970197105b41eac939d4fc3cec25137b,STATUS 704,2009-12-08 00:35:38,92,1,0
970197105b41eac939d4fc3cec25137b,STATUS 705,2009-12-10 12:25:14,92,1,0
970197105b41eac939d4fc3cec25137b,STATUS 706,2009-12-12 17:42:22,92,1,0
970197105b41eac939d4fc3cec25137b,STATUS 707,2009-12-13 02:50:31,92,1,0
970197105b41eac939d4fc3cec25137b,STATUS 708,2009-12-18 08:02:52,92,1,0
970197105b41eac939d4fc3cec25137b,STATUS 709,2009-12-22 07:44:01,92,1,0
970197105b41eac939d4fc3cec25137b,STATUS 710,2009-12-22 11:44:20,92,1,0
970197105b41eac939d4fc3cec25137b,STATUS 711,2009-12-25 03:03:46,92,1,0
970197105b41eac939d4fc3cec25137b,STATUS 712,2009-12-31 04:54:29,92,1,0
970197105b41eac939d4fc3cec25137b,STATUS 713,2010-01-01 22:29:11,92,1,0
970197105b41eac939d4fc3cec25137b,STATUS 714,2010-01-23 01:58:34,92,1,0
970197105b41eac939d4fc3cec25137b,STATUS 715,2010-03-19 00:42:12,92,1,0
970197105b41eac939d4fc3cec25137b,STATUS 716,2010-03-20 01:09:09,92,1,0
970197105b41eac939d4fc3cec25137b,STATUS 717,2010-03-31 00:28:24,92,1,0
970197105b41eac939d4fc3cec25137b,STATUS 718,2010-04-21 03:39:47,92,1,0
970197105b41eac939d4fc3cec25137b,STATUS 719,2010-05-12 20:46:30,92,1,0
970197105b41eac939d4fc3cec25137b,STATUS 720,2010-05-17 07:18:46,92,1,0
970197105b41eac939d4fc3cec25137b,STATUS 721,2010-05-23 22:13:07,92,1,0
970197105b41eac939d4fc3cec25137b,STATUS 722,2010-05-26 03:19:51,92,1,0
970197105b41eac939d4fc3cec25137b,STATUS 723,2010-05-27 10:07:14,92,1,0
970197105b41eac939d4fc3cec25137b,STATUS 724,2010-06-02 06:29:15,92,1,0
970197105b41eac939d4fc3cec25137b,STATUS 725,2010-06-07 19:09:58,92,1,0
970197105b41eac939d4fc3cec25137b,STATUS 726,2010-06-11 18:02:57,92,1,0
970197105b41eac939d4fc3cec25137b,STATUS 727,2010-06-12 17:26:01,92,1,0
970197105b41eac939d4fc3cec25137b,STATUS 728,2010-06-12 17:39:54,92,1,0
970197105b41eac939d4fc3cec25137b,STATUS 729,2010-06-13 09:10:33,92,1,0
970197105b41eac939d4fc3cec25137b,STATUS 730,2010-06-14 09:27:12,92,1,0
970197105b41eac939d4fc3cec25137b,STATUS 731,2010-06-15 16:02:18,92,1,0
970197105b41eac939d4fc3cec25137b,STATUS 732,2010-06-17 14:47:12,92,1,0
970197105b41eac939d4fc3cec25137b,STATUS 733,2010-06-21 02:14:50,92,1,0
970197105b41eac939d4fc3cec25137b,STATUS 734,2010-06-27 00:55:54,92,1,0
970197105b41eac939d4fc3cec25137b,STATUS 735,2010-06-29 19:29:39,92,1,0
970197105b41eac939d4fc3cec25137b,STATUS 736,2010-07-03 03:07:37,92,1,0
970197105b41eac939d4fc3cec25137b,STATUS 737,2010-07-07 05:35:27,92,1,0
970197105b41eac939d4fc3cec25137b,STATUS 738,2010-07-13 12:02:41,92,1,0
970197105b41eac939d4fc3cec25137b,STATUS 739,2010-07-13 23:15:56,92,1,0
970197105b41eac939d4fc3cec25137b,STATUS 740,2010-07-20 21:39:31,92,1,0
970197105b41eac939d4fc3cec25137b,STATUS 741,2010-07-28 00:22:05,92,1,0
970197105b41eac939d4fc3cec25137b,STATUS 742,2010-07-31 17:02:28,92,1,0
970197105b41eac939d4fc3cec25137b,STATUS 743,2010-08-02 14:04:39,92,1,0
970197105b41eac939d4fc3cec25137b,STATUS 744,2010-08-20 04:43:35,92,1,0
970197105b41eac939d4fc3cec25137b,STATUS 745,2010-08-21 09:32:41,92,1,0
970197105b41eac939d4fc3cec25137b,STATUS 746,2010-09-12 07:10:55,92,1,0
970197105b41eac939d4fc3cec25137b,STATUS 747,2010-10-06 09:18:08,92,1,0
970197105b41eac939d4fc3cec25137b,STATUS 748,2010-10-07 20:25:29,92,1,0
970197105b41eac939d4fc3cec25137b,STATUS 749,2010-10-10 05:14:24,92,1,0
970197105b41eac939d4fc3cec25137b,STATUS 750,2010-10-21 05:08:48,92,1,0
970197105b41eac939d4fc3cec25137b,STATUS 751,2010-10-28 00:44:41,92,1,0
970197105b41eac939d4fc3cec25137b,STATUS 752,2010-11-11 23:48:12,92,1,0
970197105b41eac939d4fc3cec25137b,STATUS 753,2010-11-17 01:46:12,92,1,0
970197105b41eac939d4fc3cec25137b,STATUS 754,2010-11-19 22:41:57,92,1,0
970197105b41eac939d4fc3cec25137b,STATUS 755,2010-11-26 03:58:49,92,1,0
970197105b41eac939d4fc3cec25137b,STATUS 756,2010-11-29 08:16:02,92,1,0
970197105b41eac939d4fc3cec25137b,STATUS 757,2010-12-15 19:01:35,92,1,0
970197105b41eac939d4fc3cec25137b,STATUS 758,2010-12-31 19:37:51,92,1,0
970197105b41eac939d4fc3cec25137b,STATUS 759,2011-01-04 04:59:53,92,1,0
970197105b41eac939d4fc3cec25137b,STATUS 760,2011-01-14 22:45:07,92,1,0
970197105b41eac939d4fc3cec25137b,STATUS 761,2011-01-14 23:42:00,92,1,0
970197105b41eac939d4fc3cec25137b,STATUS 762,2011-01-16 14:55:49,92,1,0
970197105b41eac939d4fc3cec25137b,STATUS 763,2011-01-17 07:19:50,92,1,0
970197105b41eac939d4fc3cec25137b,STATUS 764,2011-02-15 03:00:05,92,1,0
970197105b41eac939d4fc3cec25137b,STATUS 765,2011-03-04 03:18:03,92,1,0
9b3a3545e2245464b126ae08bdae9854,STATUS 766,2010-05-09 01:10:31,10,1,0
9b3a3545e2245464b126ae08bdae9854,STATUS 767,2010-05-22 15:33:36,10,1,0
9b3a3545e2245464b126ae08bdae9854,STATUS 768,2010-06-04 01:58:50,10,1,0
9b3a3545e2245464b126ae08bdae9854,STATUS 769,2010-06-04 06:57:07,10,1,0
9b3a3545e2245464b126ae08bdae9854,STATUS 770,2010-07-04 19:59:31,10,1,0
9b3a3545e2245464b126ae08bdae9854,STATUS 771,2010-07-04 22:44:29,10,1,0
9b3a3545e2245464b126ae08bdae9854,STATUS 772,2010-07-19 04:57:24,10,1,0
9b3a3545e2245464b126ae08bdae9854,STATUS 773,2010-09-23 18:01:03,10,1,0
9b3a3545e2245464b126ae08bdae9854,STATUS 774,2010-09-28 20:46:37,10,1,0
9b3a3545e2245464b126ae08bdae9854,STATUS 775,2010-10-09 06:28:29,10,1,0
