inst#,actual,predicted,error,prediction
1,2:-,2:-,,0.708
2,2:-,2:-,,0.785
3,2:-,2:-,,1
4,2:-,2:-,,0.822
5,2:-,2:-,,0.807
6,2:-,2:-,,0.995
7,2:-,2:-,,0.954
8,2:-,2:-,,0.704
9,2:-,2:-,,0.993
10,2:-,2:-,,0.882
11,2:-,2:-,,0.966
12,2:-,2:-,,0.906
13,2:-,2:-,,0.615
14,2:-,1:+,+,0.665
15,2:-,2:-,,0.945
16,2:-,2:-,,0.958
17,2:-,2:-,,0.773
18,2:-,2:-,,0.999
19,2:-,2:-,,0.899
20,2:-,1:+,+,0.577
21,2:-,2:-,,0.598
22,2:-,2:-,,1
23,2:-,2:-,,0.999
24,2:-,2:-,,0.801
25,2:-,2:-,,0.651
26,2:-,2:-,,0.798
27,2:-,2:-,,0.999
28,2:-,2:-,,0.902
29,2:-,1:+,+,0.542
30,2:-,2:-,,0.943
31,2:-,2:-,,0.956
32,2:-,2:-,,0.841
33,2:-,2:-,,0.908
34,2:-,2:-,,0.636
35,2:-,2:-,,0.583
36,2:-,1:+,+,0.721
37,2:-,2:-,,0.999
38,2:-,1:+,+,0.734
39,2:-,2:-,,1
40,2:-,2:-,,0.795
41,2:-,2:-,,0.887
42,2:-,1:+,+,0.585
43,2:-,2:-,,1
44,2:-,2:-,,0.811
45,2:-,2:-,,0.932
46,2:-,2:-,,0.96
47,2:-,2:-,,0.534
48,2:-,2:-,,0.999
49,2:-,2:-,,0.972
50,2:-,2:-,,0.775
51,2:-,2:-,,0.567
52,2:-,2:-,,0.811
53,2:-,2:-,,0.879
54,2:-,2:-,,0.654
55,2:-,2:-,,0.518
56,2:-,2:-,,0.916
57,2:-,2:-,,0.691
58,2:-,2:-,,0.588
59,2:-,2:-,,0.789
60,2:-,2:-,,0.999
61,2:-,2:-,,0.747
62,2:-,1:+,+,0.6
63,2:-,2:-,,0.723
64,2:-,2:-,,0.982
65,2:-,2:-,,0.606
66,2:-,2:-,,0.656
67,2:-,2:-,,0.926
68,2:-,2:-,,0.998
69,2:-,2:-,,1
70,2:-,2:-,,0.664
71,2:-,2:-,,1
72,2:-,2:-,,0.706
73,2:-,2:-,,1
74,2:-,2:-,,0.701
75,2:-,2:-,,1
76,2:-,1:+,+,0.761
77,2:-,2:-,,0.779
78,2:-,1:+,+,0.866
79,2:-,2:-,,0.979
80,2:-,2:-,,0.881
81,2:-,2:-,,0.865
82,2:-,2:-,,1
83,2:-,1:+,+,0.785
84,2:-,2:-,,0.919
85,2:-,2:-,,0.896
86,2:-,2:-,,0.999
87,2:-,2:-,,0.978
88,2:-,2:-,,0.997
89,2:-,2:-,,0.767
90,2:-,2:-,,0.998
91,2:-,2:-,,0.734
92,2:-,1:+,+,0.548
93,2:-,2:-,,0.619
94,2:-,2:-,,0.541
95,2:-,2:-,,0.978
96,2:-,1:+,+,0.606
97,2:-,2:-,,0.888
98,2:-,2:-,,0.961
99,2:-,2:-,,0.999
100,2:-,1:+,+,0.524
101,2:-,2:-,,0.601
102,2:-,2:-,,0.934
103,2:-,2:-,,0.996
104,2:-,2:-,,0.641
105,2:-,2:-,,0.699
106,2:-,2:-,,0.521
107,2:-,2:-,,0.696
108,2:-,2:-,,0.749
109,2:-,2:-,,0.999
110,2:-,2:-,,0.806
111,2:-,2:-,,0.989
112,2:-,2:-,,0.802
113,2:-,2:-,,0.998
114,2:-,2:-,,0.671
115,2:-,1:+,+,0.764
116,2:-,2:-,,0.96
117,2:-,2:-,,0.679
118,2:-,2:-,,0.578
119,2:-,2:-,,0.849
120,2:-,2:-,,0.839
121,2:-,2:-,,0.956
122,2:-,2:-,,0.742
123,2:-,2:-,,0.636
124,2:-,2:-,,0.938
125,2:-,2:-,,0.893
126,2:-,2:-,,0.859
127,2:-,1:+,+,0.922
128,2:-,1:+,+,0.742
129,2:-,2:-,,0.984
130,2:-,2:-,,0.544
131,2:-,1:+,+,0.669
132,2:-,1:+,+,0.517
133,2:-,2:-,,0.754
134,2:-,1:+,+,0.945
135,2:-,2:-,,0.793
136,2:-,2:-,,1
137,2:-,2:-,,0.998
138,2:-,2:-,,0.907
139,2:-,2:-,,0.941
140,2:-,2:-,,0.768
141,2:-,2:-,,1
142,2:-,2:-,,0.973
143,2:-,2:-,,0.999
144,2:-,2:-,,0.702
145,2:-,2:-,,0.885
146,2:-,1:+,+,0.855
147,2:-,1:+,+,0.646
148,2:-,2:-,,0.828
149,2:-,2:-,,0.928
150,2:-,1:+,+,0.682
151,2:-,1:+,+,0.664
152,2:-,2:-,,0.865
153,2:-,2:-,,0.711
154,2:-,1:+,+,0.628
155,2:-,2:-,,0.903
156,2:-,2:-,,0.887
157,2:-,2:-,,0.625
158,2:-,1:+,+,0.638
159,2:-,2:-,,0.993
160,2:-,2:-,,0.893
161,2:-,2:-,,0.82
162,2:-,2:-,,0.913
163,2:-,2:-,,0.743
164,2:-,2:-,,0.687
165,2:-,2:-,,0.998
166,2:-,2:-,,0.701
167,2:-,2:-,,0.882
168,2:-,1:+,+,0.645
169,2:-,2:-,,0.959
170,2:-,1:+,+,0.705
171,2:-,2:-,,0.902
172,2:-,2:-,,0.636
173,2:-,2:-,,0.915
174,2:-,2:-,,0.995
175,2:-,2:-,,0.874
176,2:-,2:-,,0.905
177,2:-,2:-,,0.999
178,2:-,2:-,,0.986
179,2:-,2:-,,0.923
180,2:-,2:-,,0.976
181,2:-,1:+,+,0.542
182,2:-,2:-,,0.93
183,2:-,2:-,,0.715
184,2:-,2:-,,0.563
185,2:-,2:-,,0.659
186,2:-,2:-,,0.61
187,2:-,2:-,,0.772
188,2:-,2:-,,0.969
189,2:-,2:-,,0.785
190,2:-,2:-,,0.825
191,2:-,2:-,,0.579
192,2:-,2:-,,0.921
193,2:-,2:-,,0.914
194,2:-,2:-,,0.898
195,2:-,2:-,,1
196,2:-,2:-,,0.57
197,2:-,2:-,,0.934
198,2:-,1:+,+,0.561
199,2:-,1:+,+,0.52
200,2:-,2:-,,0.782
201,2:-,2:-,,0.66
202,2:-,1:+,+,0.835
203,2:-,2:-,,0.833
204,2:-,2:-,,0.526
205,2:-,2:-,,0.721
206,2:-,2:-,,0.875
207,2:-,2:-,,0.965
208,2:-,2:-,,0.574
209,2:-,2:-,,0.969
210,2:-,2:-,,0.609
211,2:-,2:-,,0.678
212,2:-,2:-,,1
213,2:-,2:-,,0.989
214,2:-,2:-,,0.991
215,2:-,2:-,,0.983
216,2:-,2:-,,0.951
217,2:-,2:-,,0.958
218,2:-,2:-,,0.737
219,2:-,2:-,,0.978
220,2:-,2:-,,0.681
221,2:-,2:-,,0.72
222,2:-,2:-,,0.998
223,2:-,2:-,,0.988
224,2:-,2:-,,0.961
225,2:-,2:-,,0.929
226,2:-,2:-,,0.992
227,2:-,2:-,,1
228,2:-,2:-,,0.999
229,2:-,2:-,,0.63
230,2:-,2:-,,1
231,2:-,2:-,,1
232,2:-,1:+,+,0.526
233,2:-,1:+,+,0.737
234,2:-,2:-,,0.607
235,2:-,2:-,,0.803
236,2:-,2:-,,1
237,2:-,2:-,,1
238,2:-,2:-,,0.792
239,2:-,2:-,,1
240,2:-,2:-,,0.593
241,2:-,2:-,,0.99
242,2:-,2:-,,0.799
243,2:-,2:-,,0.877
244,2:-,2:-,,0.699
245,2:-,2:-,,0.92
246,2:-,1:+,+,0.621
247,2:-,2:-,,0.989
248,2:-,2:-,,1
249,2:-,2:-,,0.837
250,2:-,1:+,+,0.509
251,2:-,2:-,,0.717
252,2:-,2:-,,0.913
253,2:-,1:+,+,0.53
254,2:-,2:-,,0.903
255,2:-,2:-,,0.677
256,2:-,2:-,,0.984
257,2:-,1:+,+,0.526
258,2:-,2:-,,0.696
259,2:-,1:+,+,0.738
260,2:-,2:-,,0.815
261,2:-,2:-,,0.768
262,2:-,1:+,+,0.55
263,2:-,2:-,,0.511
264,2:-,2:-,,0.534
265,2:-,2:-,,0.905
266,2:-,2:-,,0.857
267,2:-,2:-,,0.928
268,2:-,1:+,+,0.584
269,2:-,2:-,,0.99
270,2:-,2:-,,0.837
271,2:-,2:-,,0.917
272,2:-,2:-,,0.807
273,2:-,1:+,+,0.618
274,2:-,2:-,,0.995
275,2:-,2:-,,0.975
276,2:-,2:-,,0.871
277,2:-,2:-,,0.758
278,2:-,2:-,,0.543
279,2:-,2:-,,0.667
280,2:-,2:-,,0.861
281,2:-,2:-,,0.88
282,2:-,2:-,,0.988
283,2:-,2:-,,0.981
284,2:-,2:-,,0.591
285,2:-,2:-,,0.933
286,2:-,2:-,,0.999
287,2:-,2:-,,0.785
288,2:-,2:-,,0.624
289,2:-,1:+,+,0.638
290,2:-,2:-,,0.938
291,2:-,2:-,,0.948
292,2:-,2:-,,0.733
293,2:-,2:-,,0.506
294,2:-,2:-,,0.992
295,2:-,2:-,,0.655
296,2:-,2:-,,1
297,2:-,1:+,+,0.543
298,2:-,2:-,,0.986
299,2:-,2:-,,0.995
300,2:-,1:+,+,0.796
301,2:-,2:-,,0.652
302,2:-,2:-,,0.752
303,2:-,2:-,,0.725
304,2:-,2:-,,0.846
305,2:-,2:-,,0.999
306,2:-,2:-,,0.914
307,2:-,2:-,,0.916
308,2:-,2:-,,0.998
309,2:-,2:-,,0.979
310,2:-,2:-,,0.677
311,2:-,2:-,,0.584
312,2:-,1:+,+,0.889
313,2:-,2:-,,0.822
314,2:-,2:-,,1
315,2:-,2:-,,0.903
316,2:-,2:-,,0.805
317,2:-,2:-,,0.825
318,2:-,2:-,,1
319,2:-,2:-,,0.998
320,2:-,2:-,,0.662
321,2:-,1:+,+,0.643
322,2:-,2:-,,0.707
323,2:-,2:-,,0.809
324,2:-,2:-,,0.818
325,2:-,2:-,,0.979
326,2:-,1:+,+,0.516
327,2:-,2:-,,0.814
328,2:-,2:-,,0.947
329,2:-,2:-,,0.999
330,2:-,2:-,,0.857
331,2:-,2:-,,1
332,2:-,2:-,,0.848
333,2:-,2:-,,1
334,2:-,1:+,+,0.602
335,2:-,2:-,,0.666
336,2:-,2:-,,0.852
337,2:-,2:-,,0.863
338,2:-,2:-,,0.601
339,2:-,1:+,+,0.592
340,2:-,2:-,,0.83
341,2:-,2:-,,0.761
342,2:-,2:-,,0.878
343,2:-,2:-,,0.662
344,2:-,2:-,,0.901
345,2:-,2:-,,0.994
346,2:-,2:-,,0.665
347,2:-,2:-,,0.686
348,2:-,2:-,,0.83
349,2:-,2:-,,0.56
350,2:-,2:-,,0.51
351,2:-,2:-,,0.888
352,2:-,2:-,,1
353,2:-,2:-,,0.702
354,2:-,1:+,+,0.599
355,2:-,2:-,,0.86
356,2:-,2:-,,0.98
357,2:-,2:-,,0.795
358,2:-,2:-,,0.992
359,2:-,2:-,,0.644
360,2:-,2:-,,0.767
361,2:-,2:-,,0.822
362,2:-,2:-,,0.978
363,2:-,2:-,,0.545
364,2:-,2:-,,0.53
365,2:-,1:+,+,0.759
366,2:-,2:-,,0.594
367,2:-,2:-,,0.997
368,2:-,2:-,,1
369,2:-,2:-,,0.8
370,2:-,2:-,,0.731
371,2:-,2:-,,0.573
372,2:-,2:-,,0.658
373,2:-,2:-,,0.845
374,2:-,2:-,,0.994
375,2:-,2:-,,0.692
376,2:-,2:-,,0.98
377,2:-,2:-,,0.931
378,2:-,2:-,,0.859
379,2:-,2:-,,0.981
380,2:-,2:-,,0.592
381,2:-,2:-,,0.7
382,2:-,2:-,,0.643
383,2:-,2:-,,0.977
384,2:-,2:-,,0.869
385,2:-,2:-,,0.842
386,2:-,2:-,,0.926
387,2:-,2:-,,0.754
388,2:-,2:-,,0.986
389,2:-,1:+,+,0.69
390,2:-,2:-,,0.958
391,2:-,2:-,,0.975
392,2:-,2:-,,0.999
393,2:-,2:-,,1
394,2:-,2:-,,0.853
395,2:-,2:-,,0.838
396,2:-,2:-,,0.612
397,2:-,2:-,,0.928
398,2:-,2:-,,0.934
399,2:-,2:-,,0.724
400,2:-,2:-,,0.967
401,2:-,2:-,,0.978
402,2:-,2:-,,0.848
403,2:-,2:-,,0.704
404,2:-,2:-,,1
405,2:-,2:-,,1
406,2:-,2:-,,0.734
407,2:-,2:-,,0.624
408,2:-,2:-,,1
409,2:-,2:-,,0.979
410,2:-,2:-,,0.53
411,2:-,2:-,,0.716
412,2:-,2:-,,0.904
413,2:-,2:-,,0.686
414,2:-,2:-,,0.976
415,2:-,2:-,,0.917
416,2:-,2:-,,0.563
417,2:-,2:-,,0.564
418,2:-,2:-,,1
419,2:-,2:-,,0.902
420,2:-,2:-,,0.87
421,2:-,2:-,,0.985
422,2:-,2:-,,0.75
423,2:-,2:-,,0.996
424,2:-,2:-,,0.622
425,2:-,2:-,,0.984
426,2:-,2:-,,0.546
427,2:-,2:-,,0.728
428,2:-,2:-,,0.93
429,2:-,2:-,,0.833
430,2:-,2:-,,0.548
431,2:-,2:-,,0.933
432,2:-,2:-,,0.781
433,2:-,2:-,,0.841
434,2:-,2:-,,0.732
435,2:-,2:-,,0.975
436,2:-,2:-,,0.501
437,2:-,2:-,,0.999
438,2:-,2:-,,0.562
439,2:-,2:-,,0.65
440,2:-,2:-,,0.909
441,2:-,2:-,,0.628
442,2:-,1:+,+,0.732
443,2:-,2:-,,1
444,2:-,2:-,,0.649
445,2:-,2:-,,0.732
446,2:-,2:-,,0.853
447,2:-,2:-,,0.825
448,2:-,2:-,,0.536
449,2:-,2:-,,0.671
450,2:-,2:-,,1
451,2:-,2:-,,0.884
452,2:-,2:-,,0.969
453,2:-,2:-,,0.739
454,2:-,2:-,,0.947
455,2:-,2:-,,0.921
456,2:-,2:-,,0.832
457,2:-,2:-,,0.972
458,2:-,2:-,,0.992
459,2:-,2:-,,0.699
460,2:-,2:-,,0.661
461,2:-,1:+,+,0.535
462,2:-,2:-,,0.988
463,2:-,1:+,+,0.515
464,2:-,2:-,,1
465,2:-,2:-,,0.595
466,2:-,2:-,,0.603
467,2:-,2:-,,0.692
468,2:-,2:-,,0.511
469,2:-,2:-,,1
470,2:-,1:+,+,0.703
471,2:-,2:-,,0.795
472,2:-,2:-,,0.939
473,2:-,2:-,,0.775
474,2:-,2:-,,1
475,2:-,1:+,+,0.536
476,2:-,2:-,,0.998
477,2:-,2:-,,0.998
478,2:-,2:-,,0.942
479,2:-,2:-,,0.696
480,2:-,2:-,,1
481,2:-,2:-,,0.795
482,2:-,2:-,,0.875
483,2:-,2:-,,0.853
484,2:-,2:-,,0.692
485,2:-,2:-,,0.95
486,2:-,2:-,,0.756
487,2:-,2:-,,0.996
488,2:-,2:-,,0.712
489,2:-,2:-,,0.891
490,2:-,2:-,,0.928
491,2:-,2:-,,0.822
492,2:-,2:-,,0.634
493,2:-,2:-,,0.93
494,2:-,2:-,,0.956
495,2:-,2:-,,0.788
496,2:-,1:+,+,0.546
497,2:-,2:-,,0.994
498,2:-,2:-,,1
499,2:-,2:-,,0.995
500,2:-,2:-,,0.746
501,2:-,2:-,,0.612
502,2:-,2:-,,0.79
503,2:-,2:-,,0.834
504,2:-,2:-,,0.515
505,2:-,1:+,+,0.775
506,2:-,2:-,,0.591
507,2:-,1:+,+,0.561
508,2:-,2:-,,1
509,2:-,2:-,,0.838
510,2:-,1:+,+,0.705
511,2:-,2:-,,0.591
512,2:-,1:+,+,0.599
513,2:-,2:-,,0.969
514,2:-,2:-,,0.975
515,2:-,2:-,,0.749
516,2:-,2:-,,0.794
517,2:-,1:+,+,0.53
518,2:-,2:-,,0.779
519,2:-,2:-,,0.615
520,2:-,2:-,,1
521,2:-,2:-,,0.977
522,2:-,2:-,,0.984
523,2:-,2:-,,0.912
524,2:-,2:-,,0.728
525,2:-,2:-,,0.962
526,2:-,2:-,,0.904
527,2:-,2:-,,0.746
528,2:-,2:-,,0.827
529,2:-,2:-,,1
530,2:-,2:-,,0.967
531,2:-,2:-,,0.999
532,2:-,1:+,+,0.656
533,2:-,2:-,,0.784
534,2:-,2:-,,0.987
535,2:-,2:-,,0.58
536,2:-,2:-,,0.857
537,2:-,2:-,,0.975
538,2:-,2:-,,0.715
539,2:-,2:-,,0.771
540,2:-,2:-,,0.982
541,2:-,2:-,,0.997
542,2:-,2:-,,0.972
543,2:-,2:-,,0.814
544,2:-,1:+,+,0.805
545,2:-,2:-,,0.914
546,2:-,1:+,+,0.583
547,2:-,2:-,,0.528
548,2:-,2:-,,0.882
549,2:-,1:+,+,0.603
550,2:-,2:-,,1
551,2:-,2:-,,0.818
552,2:-,1:+,+,0.719
553,2:-,2:-,,0.625
554,2:-,1:+,+,0.957
555,2:-,2:-,,1
556,2:-,2:-,,0.781
557,2:-,2:-,,0.654
558,2:-,2:-,,0.819
559,2:-,2:-,,0.918
560,2:-,2:-,,0.999
561,2:-,2:-,,0.546
562,2:-,2:-,,0.665
563,2:-,2:-,,0.86
564,2:-,2:-,,1
565,2:-,2:-,,0.735
566,2:-,2:-,,0.992
567,2:-,1:+,+,0.585
568,2:-,2:-,,0.985
569,2:-,2:-,,0.756
570,2:-,2:-,,0.959
571,2:-,2:-,,0.692
572,2:-,2:-,,0.987
573,2:-,2:-,,0.669
574,2:-,2:-,,0.631
575,2:-,2:-,,0.701
576,2:-,2:-,,0.666
577,2:-,2:-,,0.944
578,2:-,2:-,,1
579,2:-,2:-,,0.603
580,2:-,1:+,+,0.71
581,2:-,2:-,,0.909
582,2:-,2:-,,1
583,2:-,2:-,,0.948
584,2:-,1:+,+,0.577
585,2:-,2:-,,0.792
586,2:-,2:-,,1
587,2:-,2:-,,0.656
588,2:-,1:+,+,0.754
589,2:-,2:-,,0.939
590,2:-,2:-,,0.725
591,2:-,2:-,,0.929
592,2:-,2:-,,1
593,2:-,2:-,,0.756
594,2:-,2:-,,0.594
595,2:-,2:-,,1
596,2:-,2:-,,0.968
597,2:-,2:-,,0.568
598,2:-,2:-,,0.91
599,2:-,2:-,,0.867
600,2:-,1:+,+,0.708
601,2:-,2:-,,0.73
602,2:-,2:-,,0.651
603,2:-,2:-,,0.596
604,2:-,1:+,+,0.674
605,2:-,2:-,,1
606,2:-,2:-,,0.942
607,2:-,2:-,,0.521
608,2:-,2:-,,0.959
609,2:-,2:-,,0.949
610,2:-,2:-,,0.869
611,2:-,1:+,+,0.555
612,2:-,2:-,,0.592
613,2:-,2:-,,0.74
614,2:-,2:-,,0.618
615,2:-,1:+,+,0.905
616,2:-,2:-,,1
617,2:-,2:-,,0.684
618,2:-,2:-,,0.72
619,2:-,2:-,,0.871
620,2:-,2:-,,0.845
621,2:-,1:+,+,0.715
622,2:-,2:-,,0.787
623,2:-,2:-,,1
624,2:-,2:-,,0.757
625,2:-,2:-,,0.997
626,2:-,2:-,,0.978
627,2:-,2:-,,0.925
628,2:-,2:-,,1
629,2:-,1:+,+,0.51
630,2:-,2:-,,0.653
631,2:-,2:-,,0.909
632,2:-,2:-,,0.889
633,2:-,2:-,,0.979
634,2:-,2:-,,0.789
635,2:-,2:-,,0.928
636,2:-,2:-,,0.948
637,2:-,2:-,,0.963
638,2:-,2:-,,0.818
639,2:-,2:-,,0.816
640,2:-,2:-,,0.996
641,2:-,2:-,,0.696
642,2:-,2:-,,0.787
643,2:-,2:-,,0.811
644,2:-,2:-,,0.991
645,2:-,2:-,,0.737
646,2:-,2:-,,1
647,2:-,2:-,,0.82
648,2:-,2:-,,0.632
649,2:-,1:+,+,0.618
650,2:-,2:-,,0.552
651,2:-,1:+,+,0.574
652,2:-,1:+,+,0.714
653,2:-,2:-,,1
654,2:-,2:-,,0.753
655,2:-,2:-,,0.805
656,2:-,1:+,+,0.597
657,2:-,1:+,+,0.552
658,2:-,2:-,,0.994
659,2:-,2:-,,0.919
660,2:-,2:-,,0.999
661,2:-,2:-,,0.93
662,2:-,2:-,,0.974
663,2:-,2:-,,0.808
664,2:-,1:+,+,0.898
665,2:-,1:+,+,0.838
666,2:-,2:-,,0.989
667,2:-,2:-,,0.941
668,2:-,2:-,,0.937
669,2:-,2:-,,0.905
670,2:-,2:-,,0.852
671,2:-,2:-,,0.957
672,2:-,2:-,,0.775
673,2:-,2:-,,0.792
674,2:-,2:-,,0.857
675,2:-,2:-,,0.999
676,2:-,2:-,,0.92
677,2:-,2:-,,0.988
678,2:-,2:-,,0.69
679,2:-,2:-,,0.833
680,2:-,2:-,,0.602
681,2:-,2:-,,0.664
682,2:-,2:-,,0.746
683,2:-,2:-,,0.791
684,2:-,2:-,,0.71
685,2:-,1:+,+,0.838
686,2:-,2:-,,1
687,2:-,2:-,,0.704
688,2:-,2:-,,0.998
689,2:-,2:-,,1
690,2:-,2:-,,0.989
691,2:-,2:-,,0.795
692,2:-,2:-,,0.945
693,2:-,1:+,+,0.6
694,2:-,2:-,,0.667
695,2:-,1:+,+,0.551
696,2:-,2:-,,0.992
697,2:-,2:-,,0.647
698,2:-,2:-,,0.736
699,2:-,1:+,+,0.522
700,2:-,2:-,,0.656
701,2:-,2:-,,1
702,2:-,2:-,,0.64
703,2:-,2:-,,1
704,2:-,2:-,,1
705,2:-,2:-,,1
706,2:-,2:-,,1
707,2:-,2:-,,0.881
708,2:-,2:-,,0.759
709,2:-,2:-,,0.944
710,2:-,2:-,,1
711,2:-,2:-,,0.706
712,2:-,2:-,,0.624
713,2:-,2:-,,0.992
714,2:-,2:-,,0.516
715,2:-,2:-,,0.769
716,2:-,2:-,,0.862
717,2:-,2:-,,0.742
718,2:-,2:-,,0.955
719,2:-,2:-,,0.674
720,2:-,2:-,,0.733
721,2:-,2:-,,0.76
722,2:-,1:+,+,0.647
723,2:-,2:-,,0.723
724,2:-,2:-,,0.531
725,2:-,2:-,,0.778
726,2:-,2:-,,0.956
727,2:-,2:-,,0.957
728,2:-,2:-,,0.748
729,2:-,2:-,,0.86
730,2:-,2:-,,0.967
731,2:-,2:-,,0.698
732,2:-,2:-,,0.992
733,2:-,2:-,,1
734,2:-,2:-,,0.688
735,2:-,2:-,,1
736,2:-,1:+,+,0.745
737,2:-,2:-,,0.828
738,2:-,2:-,,0.997
739,2:-,2:-,,0.822
740,2:-,2:-,,0.783
741,2:-,2:-,,0.999
742,2:-,2:-,,0.598
743,2:-,2:-,,0.999
744,2:-,1:+,+,0.802
745,2:-,1:+,+,0.519
746,2:-,2:-,,0.999
747,2:-,2:-,,1
748,2:-,2:-,,0.583
749,2:-,2:-,,0.973
750,2:-,2:-,,0.997
751,2:-,2:-,,0.861
752,2:-,2:-,,0.994
753,2:-,1:+,+,0.614
754,2:-,2:-,,0.971
755,2:-,2:-,,1
756,2:-,2:-,,1
757,2:-,2:-,,0.577
758,2:-,2:-,,0.809
759,2:-,2:-,,0.948
760,2:-,2:-,,0.764
761,2:-,2:-,,0.85
762,2:-,2:-,,0.549
763,2:-,1:+,+,0.55
764,2:-,1:+,+,0.606
765,2:-,2:-,,0.565
766,2:-,2:-,,0.939
767,2:-,2:-,,0.68
768,2:-,2:-,,0.954
769,2:-,2:-,,0.979
770,2:-,2:-,,0.998
771,2:-,2:-,,0.804
772,2:-,2:-,,0.983
773,2:-,2:-,,0.935
774,2:-,2:-,,1
775,2:-,2:-,,0.508
776,2:-,2:-,,0.839
777,2:-,2:-,,0.641
778,2:-,2:-,,0.807
779,2:-,2:-,,0.789
780,2:-,2:-,,1
781,2:-,2:-,,0.633
782,2:-,2:-,,0.951
783,2:-,2:-,,0.899
784,2:-,1:+,+,0.556
785,2:-,2:-,,0.893
786,2:-,2:-,,0.645
787,2:-,2:-,,0.881
788,2:-,1:+,+,0.82
789,2:-,2:-,,0.852
790,2:-,2:-,,0.654
791,2:-,2:-,,0.873
792,2:-,2:-,,0.859
793,2:-,2:-,,0.897
794,2:-,2:-,,0.726
795,2:-,2:-,,0.909
796,2:-,2:-,,1
797,2:-,1:+,+,0.596
798,2:-,2:-,,0.824
799,2:-,1:+,+,0.675
800,2:-,2:-,,1
801,2:-,2:-,,0.99
802,2:-,2:-,,0.774
803,2:-,2:-,,0.883
804,2:-,2:-,,0.787
805,2:-,2:-,,0.527
806,2:-,2:-,,0.77
807,2:-,2:-,,0.584
808,2:-,2:-,,0.749
809,2:-,2:-,,0.941
810,2:-,2:-,,0.999
811,2:-,2:-,,0.874
812,2:-,2:-,,0.947
813,2:-,2:-,,0.931
814,2:-,2:-,,0.999
815,2:-,2:-,,0.849
816,2:-,2:-,,1
817,2:-,2:-,,0.803
818,2:-,2:-,,0.688
819,2:-,1:+,+,0.574
820,2:-,2:-,,0.931
821,2:-,2:-,,0.737
822,2:-,1:+,+,0.662
823,2:-,2:-,,0.863
824,2:-,2:-,,0.993
825,2:-,1:+,+,0.507
826,2:-,2:-,,0.635
827,2:-,2:-,,0.502
828,2:-,2:-,,0.991
829,2:-,2:-,,0.641
830,2:-,2:-,,0.889
831,2:-,2:-,,0.875
832,2:-,2:-,,0.903
833,2:-,2:-,,0.68
834,2:-,2:-,,0.969
835,2:-,2:-,,1
836,2:-,2:-,,0.88
837,2:-,2:-,,0.852
838,2:-,2:-,,0.56
839,2:-,2:-,,0.75
840,2:-,2:-,,0.982
841,2:-,2:-,,0.946
842,2:-,2:-,,0.812
843,2:-,2:-,,0.935
844,2:-,1:+,+,0.581
845,2:-,2:-,,0.63
846,2:-,2:-,,0.697
847,2:-,1:+,+,0.504
848,2:-,2:-,,0.916
849,2:-,2:-,,0.64
850,2:-,2:-,,0.727
851,2:-,2:-,,0.997
852,2:-,1:+,+,0.58
853,2:-,2:-,,0.785
854,2:-,2:-,,0.981
855,2:-,1:+,+,0.573
856,2:-,2:-,,0.533
857,2:-,2:-,,0.749
858,2:-,1:+,+,0.831
859,2:-,1:+,+,0.53
860,2:-,2:-,,0.972
861,2:-,2:-,,0.649
862,2:-,2:-,,0.717
863,2:-,1:+,+,0.631
864,2:-,1:+,+,0.764
865,2:-,2:-,,0.684
866,2:-,2:-,,0.663
867,2:-,2:-,,0.938
868,2:-,2:-,,0.955
869,2:-,2:-,,1
870,2:-,1:+,+,0.565
871,2:-,2:-,,0.965
872,2:-,2:-,,0.985
873,2:-,2:-,,0.969
874,2:-,1:+,+,0.536
875,2:-,2:-,,0.711
876,2:-,2:-,,0.696
877,2:-,2:-,,0.928
878,2:-,1:+,+,0.635
879,2:-,2:-,,0.947
880,2:-,2:-,,0.578
881,2:-,2:-,,0.833
882,2:-,2:-,,0.999
883,2:-,2:-,,0.514
884,2:-,1:+,+,0.697
885,2:-,2:-,,1
886,2:-,1:+,+,0.642
887,2:-,2:-,,0.954
888,2:-,2:-,,0.932
889,2:-,2:-,,0.87
890,2:-,2:-,,0.586
891,2:-,2:-,,0.985
892,2:-,2:-,,0.963
893,2:-,2:-,,0.995
894,2:-,2:-,,0.905
895,2:-,2:-,,1
896,2:-,2:-,,0.67
897,2:-,1:+,+,0.853
898,2:-,2:-,,0.927
899,2:-,2:-,,0.627
900,2:-,1:+,+,0.511
901,2:-,2:-,,0.992
902,2:-,2:-,,0.651
903,2:-,1:+,+,0.936
904,2:-,2:-,,0.987
905,2:-,1:+,+,0.551
906,2:-,2:-,,0.965
907,2:-,2:-,,0.884
908,2:-,2:-,,0.832
909,2:-,2:-,,1
910,2:-,2:-,,0.926
911,2:-,1:+,+,0.722
912,2:-,2:-,,0.74
913,2:-,2:-,,1
914,2:-,2:-,,0.731
915,2:-,2:-,,0.726
916,2:-,2:-,,0.99
917,2:-,2:-,,0.988
918,2:-,2:-,,0.648
919,2:-,2:-,,0.99
920,2:-,2:-,,0.918
921,2:-,2:-,,0.685
922,2:-,2:-,,0.623
923,2:-,2:-,,0.99
924,2:-,1:+,+,0.627
925,2:-,2:-,,0.535
926,2:-,2:-,,1
927,2:-,2:-,,0.632
928,2:-,2:-,,1
929,2:-,2:-,,0.775
930,2:-,2:-,,0.872
931,2:-,2:-,,0.982
932,2:-,2:-,,0.847
933,2:-,2:-,,0.91
934,2:-,2:-,,0.772
935,2:-,2:-,,0.991
936,2:-,1:+,+,0.62
937,2:-,2:-,,0.961
938,2:-,2:-,,0.999
939,2:-,2:-,,0.602
940,2:-,2:-,,0.996
941,2:-,2:-,,0.701
942,2:-,2:-,,0.941
943,2:-,2:-,,0.967
944,2:-,1:+,+,1
945,2:-,2:-,,0.793
946,2:-,2:-,,0.513
947,2:-,2:-,,0.889
948,2:-,1:+,+,0.623
949,2:-,2:-,,0.723
950,2:-,2:-,,0.667
951,2:-,2:-,,0.797
952,2:-,2:-,,0.985
953,2:-,2:-,,0.776
954,2:-,2:-,,0.71
955,2:-,2:-,,0.927
956,2:-,2:-,,0.9
957,2:-,2:-,,0.982
958,2:-,2:-,,0.781
959,2:-,2:-,,0.687
960,2:-,2:-,,0.999
961,2:-,2:-,,0.841
962,2:-,2:-,,0.9
963,2:-,2:-,,0.998
964,2:-,2:-,,0.958
965,2:-,2:-,,0.777
966,2:-,2:-,,0.857
967,2:-,2:-,,0.798
968,2:-,2:-,,0.982
969,2:-,2:-,,0.924
970,2:-,2:-,,0.733
971,2:-,2:-,,0.571
972,2:-,2:-,,0.999
973,2:-,2:-,,0.802
974,2:-,2:-,,0.897
975,2:-,2:-,,0.871
976,2:-,2:-,,0.919
977,2:-,2:-,,0.845
978,2:-,2:-,,0.742
979,2:-,2:-,,0.865
980,2:-,1:+,+,0.524
981,2:-,1:+,+,0.56
982,2:-,2:-,,0.703
983,2:-,2:-,,0.819
984,2:-,2:-,,0.963
985,2:-,2:-,,0.992
986,2:-,2:-,,0.646
987,2:-,1:+,+,0.588
988,2:-,2:-,,0.699
989,2:-,2:-,,0.754
990,2:-,2:-,,0.997
991,2:-,2:-,,0.826
992,2:-,2:-,,0.671
993,2:-,2:-,,0.992
994,2:-,2:-,,0.875
995,2:-,2:-,,0.884
996,2:-,2:-,,0.994
997,2:-,2:-,,0.999
998,2:-,2:-,,0.936
999,2:-,2:-,,0.994
1000,2:-,2:-,,0.76
1001,2:-,2:-,,0.676
1002,2:-,2:-,,0.983
1003,2:-,2:-,,0.73
1004,2:-,2:-,,0.979
1005,2:-,2:-,,0.997
1006,2:-,1:+,+,0.793
1007,2:-,1:+,+,0.71
1008,2:-,2:-,,0.67
1009,2:-,2:-,,0.891
1010,2:-,2:-,,0.994
1011,2:-,2:-,,0.894
1012,2:-,2:-,,0.984
1013,2:-,2:-,,0.71
1014,2:-,2:-,,0.808
1015,2:-,2:-,,0.998
1016,2:-,2:-,,0.759
1017,2:-,2:-,,0.973
1018,2:-,2:-,,1
1019,2:-,2:-,,0.992
1020,2:-,2:-,,0.627
1021,2:-,2:-,,0.73
1022,2:-,2:-,,0.759
1023,2:-,2:-,,0.892
1024,2:-,2:-,,0.823
1025,2:-,2:-,,0.951
1026,2:-,2:-,,0.52
1027,2:-,2:-,,0.899
1028,2:-,2:-,,0.615
1029,2:-,2:-,,0.992
1030,2:-,2:-,,0.651
1031,2:-,2:-,,0.994
1032,2:-,2:-,,0.973
1033,2:-,1:+,+,0.873
1034,2:-,2:-,,0.603
1035,2:-,2:-,,0.559
1036,2:-,2:-,,0.722
1037,2:-,2:-,,0.823
1038,2:-,2:-,,0.609
1039,2:-,2:-,,0.528
1040,2:-,2:-,,0.82
1041,2:-,2:-,,0.766
1042,2:-,2:-,,0.998
1043,2:-,2:-,,0.785
1044,2:-,2:-,,0.598
1045,2:-,2:-,,0.971
1046,2:-,2:-,,0.934
1047,2:-,2:-,,0.992
1048,2:-,2:-,,0.858
1049,2:-,2:-,,0.951
1050,2:-,2:-,,1
1051,2:-,2:-,,0.931
1052,2:-,2:-,,0.863
1053,2:-,2:-,,0.973
1054,2:-,2:-,,0.559
1055,2:-,1:+,+,0.932
1056,2:-,2:-,,0.847
1057,2:-,2:-,,0.637
1058,2:-,1:+,+,0.713
1059,2:-,2:-,,0.808
1060,2:-,2:-,,1
1061,2:-,2:-,,1
1062,2:-,2:-,,0.943
1063,2:-,1:+,+,0.938
1064,2:-,1:+,+,0.846
1065,2:-,1:+,+,0.996
1066,2:-,2:-,,1
1067,2:-,2:-,,1
1068,2:-,1:+,+,0.833
1069,2:-,2:-,,0.997
1070,2:-,2:-,,0.53
1071,2:-,1:+,+,0.874
1072,2:-,2:-,,0.911
1073,2:-,2:-,,1
1074,2:-,2:-,,0.999
1075,2:-,2:-,,0.993
1076,2:-,1:+,+,0.836
1077,2:-,2:-,,0.793
1078,2:-,1:+,+,0.886
1079,2:-,2:-,,0.833
1080,2:-,2:-,,0.963
1081,2:-,1:+,+,0.879
1082,2:-,2:-,,0.949
1083,2:-,2:-,,0.501
1084,2:-,2:-,,0.893
1085,2:-,2:-,,0.754
1086,2:-,2:-,,1
1087,2:-,2:-,,0.998
1088,2:-,2:-,,0.955
1089,2:-,2:-,,0.614
1090,2:-,2:-,,0.864
1091,2:-,2:-,,0.712
1092,2:-,2:-,,0.598
1093,2:-,2:-,,0.759
1094,2:-,2:-,,0.998
1095,2:-,2:-,,0.912
1096,2:-,2:-,,0.948
1097,2:-,2:-,,0.864
1098,2:-,2:-,,0.857
1099,2:-,2:-,,1
1100,2:-,2:-,,0.66

